<?xml version = '1.0' encoding = 'UTF-8'?>
<Table class="oracle.dbtools.crest.model.design.relational.Table" directorySegmentName="seg_0" id="14FA8398-9B14-CD5F-A201-FE17D99B3672" name="ESCUELA_DEPORTIVA">
<createdBy>lilianatapia</createdBy>
<createdTime>2024-09-30 20:34:15 UTC</createdTime>
<generatorID>960C03FC-281F-88CF-362F-9B3B0B6119E1</generatorID>
<ownerDesignName>SUMATIVA 3</ownerDesignName>
<allowColumnReorder>false</allowColumnReorder>
<existDependencyGenerateInDDl>true</existDependencyGenerateInDDl>
<parsed>true</parsed>
<columns itemClass="oracle.dbtools.crest.model.design.relational.Column">
<Column name="id_escuela" id="BF846576-2DE4-E74B-7E56-9CC81806C37C">
<createdBy>lilianatapia</createdBy>
<createdTime>2024-09-30 20:34:15 UTC</createdTime>
<generatorID>A1F1F071-272D-3491-0499-2B7A0BA341A7</generatorID>
<ownerDesignName>SUMATIVA 3</ownerDesignName>
<useDomainConstraints>false</useDomainConstraints>
<use>1</use>
<logicalDatatype>LOGDT011</logicalDatatype>
<ownDataTypeParameters>,,</ownDataTypeParameters>
<autoIncrementCycle>false</autoIncrementCycle>
</Column>
<Column name="nombre_escuela" id="A509FA74-F82D-9AC5-AA2C-72AE0E0C842B">
<createdBy>lilianatapia</createdBy>
<createdTime>2024-09-30 20:34:15 UTC</createdTime>
<generatorID>59A6BD0C-FE73-39D9-BF36-52AE126FE46D</generatorID>
<ownerDesignName>SUMATIVA 3</ownerDesignName>
<useDomainConstraints>false</useDomainConstraints>
<use>1</use>
<logicalDatatype>LOGDT024</logicalDatatype>
<dataTypeSize>100 BYTE</dataTypeSize>
<ownDataTypeParameters>100 BYTE,,</ownDataTypeParameters>
<autoIncrementCycle>false</autoIncrementCycle>
</Column>
<Column name="tipo_escuela" id="421F0EEB-E072-F042-284B-5173994387B4">
<createdBy>lilianatapia</createdBy>
<createdTime>2024-09-30 20:34:15 UTC</createdTime>
<generatorID>9F33CB0C-022D-CE90-122F-432A5195EE97</generatorID>
<ownerDesignName>SUMATIVA 3</ownerDesignName>
<useDomainConstraints>false</useDomainConstraints>
<use>1</use>
<logicalDatatype>LOGDT024</logicalDatatype>
<dataTypeSize>50 BYTE</dataTypeSize>
<ownDataTypeParameters>50 BYTE,,</ownDataTypeParameters>
<autoIncrementCycle>false</autoIncrementCycle>
</Column>
<Column name="direccion" id="667C0412-DEEF-05D6-3764-C4ED1494E21F">
<createdBy>lilianatapia</createdBy>
<createdTime>2024-09-30 20:34:15 UTC</createdTime>
<generatorID>3D469516-D027-B62C-3118-AF3EF85EFB7C</generatorID>
<ownerDesignName>SUMATIVA 3</ownerDesignName>
<useDomainConstraints>false</useDomainConstraints>
<use>1</use>
<logicalDatatype>LOGDT024</logicalDatatype>
<dataTypeSize>150 BYTE</dataTypeSize>
<ownDataTypeParameters>150 BYTE,,</ownDataTypeParameters>
<autoIncrementCycle>false</autoIncrementCycle>
</Column>
<Column name="telefono" id="49290278-37CB-AF58-9F0C-4ED43DE63ACD">
<createdBy>lilianatapia</createdBy>
<createdTime>2024-09-30 20:34:15 UTC</createdTime>
<generatorID>85D13396-5AF7-EE26-FECC-4716ECE337BD</generatorID>
<ownerDesignName>SUMATIVA 3</ownerDesignName>
<useDomainConstraints>false</useDomainConstraints>
<use>1</use>
<logicalDatatype>LOGDT024</logicalDatatype>
<dataTypeSize>15 BYTE</dataTypeSize>
<ownDataTypeParameters>15 BYTE,,</ownDataTypeParameters>
<autoIncrementCycle>false</autoIncrementCycle>
</Column>
<Column name="email" id="3A836516-7E30-C90C-AE90-FACE5EBC007E">
<createdBy>lilianatapia</createdBy>
<createdTime>2024-09-30 20:34:15 UTC</createdTime>
<generatorID>FDD43993-202B-BC0B-72A2-1FE6BAB6A133</generatorID>
<ownerDesignName>SUMATIVA 3</ownerDesignName>
<useDomainConstraints>false</useDomainConstraints>
<use>1</use>
<logicalDatatype>LOGDT024</logicalDatatype>
<dataTypeSize>50 BYTE</dataTypeSize>
<ownDataTypeParameters>50 BYTE,,</ownDataTypeParameters>
<autoIncrementCycle>false</autoIncrementCycle>
</Column>
<Column name="ciudad" id="3EC8D726-5A53-92CF-8B08-EADCA334BBC2">
<createdBy>lilianatapia</createdBy>
<createdTime>2024-09-30 20:34:15 UTC</createdTime>
<generatorID>16548CCD-9143-3B56-63E2-E0F0621C3162</generatorID>
<ownerDesignName>SUMATIVA 3</ownerDesignName>
<useDomainConstraints>false</useDomainConstraints>
<use>1</use>
<logicalDatatype>LOGDT024</logicalDatatype>
<dataTypeSize>50 BYTE</dataTypeSize>
<ownDataTypeParameters>50 BYTE,,</ownDataTypeParameters>
<autoIncrementCycle>false</autoIncrementCycle>
</Column>
<Column name="region" id="5E9FFB63-F4B4-D643-A1E4-C70DCF3B0AFD">
<createdBy>lilianatapia</createdBy>
<createdTime>2024-09-30 20:34:15 UTC</createdTime>
<generatorID>9A2C7181-EC5E-B379-C16E-6D505E0060FA</generatorID>
<ownerDesignName>SUMATIVA 3</ownerDesignName>
<useDomainConstraints>false</useDomainConstraints>
<use>1</use>
<logicalDatatype>LOGDT024</logicalDatatype>
<dataTypeSize>50 BYTE</dataTypeSize>
<ownDataTypeParameters>50 BYTE,,</ownDataTypeParameters>
<autoIncrementCycle>false</autoIncrementCycle>
</Column>
</columns>
<indexes itemClass="oracle.dbtools.crest.model.design.relational.Index">
<ind_PK_UK id="2F36793B-0337-48B8-4E5E-6BE042F68707" name="ESCUELA_DEPORTIVA_PK">
<createdBy>lilianatapia</createdBy>
<createdTime>2024-09-30 20:34:15 UTC</createdTime>
<generatorID>E93AAA9A-D757-BABF-21B0-57C967C18AA0</generatorID>
<ownerDesignName>SUMATIVA 3</ownerDesignName>
<pk>true</pk>
<indexState>Primary Constraint</indexState>
<isSurrogateKey>false</isSurrogateKey>
<indexColumnUsage>
<colUsage columnID="BF846576-2DE4-E74B-7E56-9CC81806C37C"/>
</indexColumnUsage>
</ind_PK_UK>
</indexes>
</Table>