<?xml version = '1.0' encoding = 'UTF-8'?>
<Table class="oracle.dbtools.crest.model.design.relational.Table" directorySegmentName="seg_0" id="57AEB6F7-8B64-A1C8-67AB-B361ACF6E062" name="ADMINISTRADOR">
<createdBy>lilianatapia</createdBy>
<createdTime>2024-09-30 20:34:15 UTC</createdTime>
<generatorID>12B49CD0-6865-D4B9-F3D4-D07771E331AC</generatorID>
<ownerDesignName>SUMATIVA 3</ownerDesignName>
<allowColumnReorder>false</allowColumnReorder>
<existDependencyGenerateInDDl>true</existDependencyGenerateInDDl>
<parsed>true</parsed>
<columns itemClass="oracle.dbtools.crest.model.design.relational.Column">
<Column name="id_administrador" id="A5E0CBF2-12BC-6DF2-268C-639BB5B1F64C">
<createdBy>lilianatapia</createdBy>
<createdTime>2024-09-30 20:47:36 UTC</createdTime>
<ownerDesignName>SUMATIVA 3</ownerDesignName>
<useDomainConstraints>false</useDomainConstraints>
<use>1</use>
<logicalDatatype>LOGDT011</logicalDatatype>
<ownDataTypeParameters>,,</ownDataTypeParameters>
<autoIncrementCycle>false</autoIncrementCycle>
</Column>
<Column name="id_personal" id="A438D81B-F075-D109-A45E-62AC63ACDE75">
<createdBy>lilianatapia</createdBy>
<createdTime>2024-09-30 20:34:15 UTC</createdTime>
<generatorID>E05C2AD0-DF77-FD2A-800D-8786A5E540CE</generatorID>
<ownerDesignName>SUMATIVA 3</ownerDesignName>
<useDomainConstraints>false</useDomainConstraints>
<use>1</use>
<logicalDatatype>LOGDT011</logicalDatatype>
<ownDataTypeParameters>,,</ownDataTypeParameters>
<autoIncrementCycle>false</autoIncrementCycle>
<associations>
<colAssociation fkAssociation="4C0373AC-1FC6-B307-8B6C-21A716105CE1" referredColumn="782F3D8D-5C56-1F4C-FDCD-E2807BD8621E"/>
</associations>
</Column>
<Column name="area_gestion" id="4BDF02F0-3201-8D46-B4BB-62F3C2CA8B98">
<createdBy>lilianatapia</createdBy>
<createdTime>2024-09-30 20:34:15 UTC</createdTime>
<generatorID>0A6F3AF7-D82F-F1F8-88CD-5BB02A6AB7E1</generatorID>
<ownerDesignName>SUMATIVA 3</ownerDesignName>
<useDomainConstraints>false</useDomainConstraints>
<use>1</use>
<logicalDatatype>LOGDT024</logicalDatatype>
<dataTypeSize>30 BYTE</dataTypeSize>
<ownDataTypeParameters>30 BYTE,,</ownDataTypeParameters>
<autoIncrementCycle>false</autoIncrementCycle>
</Column>
<Column name="anio_gestion" id="09EA5016-D1AE-4457-3A74-03A0EA477A9E">
<createdBy>lilianatapia</createdBy>
<createdTime>2024-09-30 20:34:15 UTC</createdTime>
<generatorID>AF9BAA8F-1538-2BDD-585F-F000E3566308</generatorID>
<ownerDesignName>SUMATIVA 3</ownerDesignName>
<useDomainConstraints>false</useDomainConstraints>
<use>1</use>
<logicalDatatype>LOGDT011</logicalDatatype>
<ownDataTypeParameters>,,</ownDataTypeParameters>
<autoIncrementCycle>false</autoIncrementCycle>
</Column>
<Column name="id_escuela" id="2BB87DA7-8984-111A-C338-C29A07335485">
<createdBy>lilianatapia</createdBy>
<createdTime>2024-09-30 20:34:15 UTC</createdTime>
<generatorID>3247B46E-48B0-14DA-48E9-EEEAF21346E1</generatorID>
<ownerDesignName>SUMATIVA 3</ownerDesignName>
<useDomainConstraints>false</useDomainConstraints>
<use>1</use>
<logicalDatatype>LOGDT011</logicalDatatype>
<ownDataTypeParameters>,,</ownDataTypeParameters>
<previousColumn>false</previousColumn>
<autoIncrementCycle>false</autoIncrementCycle>
<associations>
<colAssociation fkAssociation="4C0373AC-1FC6-B307-8B6C-21A716105CE1" referredColumn="85ECB275-66A2-324C-58A2-391E5C14E031"/>
</associations>
</Column>
</columns>
<indexes itemClass="oracle.dbtools.crest.model.design.relational.Index">
<ind_PK_UK id="B9E75D33-440D-2CC3-311B-9CA1118C92C9" name="ADMINISTRADOR_PK">
<createdBy>lilianatapia</createdBy>
<createdTime>2024-09-30 20:34:15 UTC</createdTime>
<generatorID>8F33776B-4E16-81C4-8469-B38618EF5950</generatorID>
<ownerDesignName>SUMATIVA 3</ownerDesignName>
<pk>true</pk>
<indexState>Primary Constraint</indexState>
<isSurrogateKey>false</isSurrogateKey>
<indexColumnUsage>
<colUsage columnID="A438D81B-F075-D109-A45E-62AC63ACDE75"/>
<colUsage columnID="2BB87DA7-8984-111A-C338-C29A07335485"/>
<colUsage columnID="A5E0CBF2-12BC-6DF2-268C-639BB5B1F64C"/>
</indexColumnUsage>
</ind_PK_UK>
<ind_PK_UK id="161AA64E-1DDB-CB9F-E6E2-F73C2DED4DEB" name="ADMINISTRADOR_PERSONAL_FK">
<createdBy>lilianatapia</createdBy>
<createdTime>2024-09-30 20:34:15 UTC</createdTime>
<generatorID>EBD3EEE3-16DF-9CDE-0F01-BBC3D111A2F8</generatorID>
<ownerDesignName>SUMATIVA 3</ownerDesignName>
<indexState>Foreign Key</indexState>
<isSurrogateKey>false</isSurrogateKey>
<indexColumnUsage>
<colUsage columnID="A438D81B-F075-D109-A45E-62AC63ACDE75"/>
<colUsage columnID="2BB87DA7-8984-111A-C338-C29A07335485"/>
</indexColumnUsage>
</ind_PK_UK>
</indexes>
</Table>