<?xml version = '1.0' encoding = 'UTF-8'?>
<Table class="oracle.dbtools.crest.model.design.relational.Table" directorySegmentName="seg_0" id="7BDB6C10-E8D9-D91B-554C-E6AB58D0DCB1" name="COSTO_OPERACIONAL">
<createdBy>lilianatapia</createdBy>
<createdTime>2024-09-30 20:34:14 UTC</createdTime>
<generatorID>2C83A1CC-D350-AE90-741F-78B098A3950F</generatorID>
<ownerDesignName>SUMATIVA 3</ownerDesignName>
<allowColumnReorder>false</allowColumnReorder>
<existDependencyGenerateInDDl>true</existDependencyGenerateInDDl>
<parsed>true</parsed>
<columns itemClass="oracle.dbtools.crest.model.design.relational.Column">
<Column name="id_costo" id="CAAD46AF-A80D-1B37-36E5-6ECEE9648EA0">
<createdBy>lilianatapia</createdBy>
<createdTime>2024-09-30 20:34:14 UTC</createdTime>
<generatorID>986EFCD9-D7E3-90F8-EE67-D1DF02B8AB84</generatorID>
<ownerDesignName>SUMATIVA 3</ownerDesignName>
<useDomainConstraints>false</useDomainConstraints>
<use>1</use>
<logicalDatatype>LOGDT011</logicalDatatype>
<ownDataTypeParameters>,,</ownDataTypeParameters>
<autoIncrementCycle>false</autoIncrementCycle>
</Column>
<Column name="descripcion" id="0518AD70-7999-E861-209E-6FA5D0D73B42">
<createdBy>lilianatapia</createdBy>
<createdTime>2024-09-30 20:34:14 UTC</createdTime>
<generatorID>FC873CF5-FC71-8066-0FC1-3B77C715F3F8</generatorID>
<ownerDesignName>SUMATIVA 3</ownerDesignName>
<useDomainConstraints>false</useDomainConstraints>
<use>1</use>
<logicalDatatype>LOGDT024</logicalDatatype>
<dataTypeSize>100 BYTE</dataTypeSize>
<ownDataTypeParameters>100 BYTE,,</ownDataTypeParameters>
<autoIncrementCycle>false</autoIncrementCycle>
</Column>
<Column name="monto" id="70A0B45E-DF2D-ABC5-C12B-91C7FB2EC36B">
<createdBy>lilianatapia</createdBy>
<createdTime>2024-09-30 20:34:14 UTC</createdTime>
<generatorID>1B3631D3-C0B5-E53C-7577-0E4D7C2B901A</generatorID>
<ownerDesignName>SUMATIVA 3</ownerDesignName>
<useDomainConstraints>false</useDomainConstraints>
<use>1</use>
<logicalDatatype>LOGDT019</logicalDatatype>
<dataTypePrecision>12</dataTypePrecision>
<dataTypeScale>2</dataTypeScale>
<ownDataTypeParameters>,12,2</ownDataTypeParameters>
<autoIncrementCycle>false</autoIncrementCycle>
</Column>
<Column name="fecha" id="88DF1B30-AA4E-AFF7-C2F0-E89413CCA3C4">
<createdBy>lilianatapia</createdBy>
<createdTime>2024-09-30 20:34:15 UTC</createdTime>
<generatorID>BD4C9A7A-304A-2FBF-CB71-86B7B6A8AC82</generatorID>
<ownerDesignName>SUMATIVA 3</ownerDesignName>
<useDomainConstraints>false</useDomainConstraints>
<use>1</use>
<logicalDatatype>LOGDT007</logicalDatatype>
<ownDataTypeParameters>,,</ownDataTypeParameters>
<autoIncrementCycle>false</autoIncrementCycle>
</Column>
<Column name="ESC_DEPORT_id_esc" id="00FD57BE-A7EE-9EEC-25FB-B3D05B949640">
<createdBy>lilianatapia</createdBy>
<createdTime>2024-09-30 20:34:15 UTC</createdTime>
<generatorID>22E033E6-FC2D-DAA2-D2A5-DEF12D88CB30</generatorID>
<ownerDesignName>SUMATIVA 3</ownerDesignName>
<useDomainConstraints>false</useDomainConstraints>
<use>1</use>
<logicalDatatype>LOGDT011</logicalDatatype>
<ownDataTypeParameters>,,</ownDataTypeParameters>
<previousColumn>false</previousColumn>
<autoIncrementCycle>false</autoIncrementCycle>
<associations>
<colAssociation fkAssociation="45A78124-303C-B836-F840-B57B28960320" referredColumn="BF846576-2DE4-E74B-7E56-9CC81806C37C"/>
</associations>
</Column>
<Column name="SOL_FINAN_id_sol" id="0B9DEDEA-9CBA-1210-5FCC-855E7E95C204">
<createdBy>lilianatapia</createdBy>
<createdTime>2024-09-30 20:34:15 UTC</createdTime>
<generatorID>0FCAF9C3-5040-F860-16D5-75D7FE6BF5ED</generatorID>
<ownerDesignName>SUMATIVA 3</ownerDesignName>
<useDomainConstraints>false</useDomainConstraints>
<use>1</use>
<logicalDatatype>LOGDT011</logicalDatatype>
<ownDataTypeParameters>,,</ownDataTypeParameters>
<previousColumn>false</previousColumn>
<autoIncrementCycle>false</autoIncrementCycle>
<associations>
<colAssociation fkAssociation="1C89E1FF-46B2-F507-754F-2657527BA590" referredColumn="8807B876-612B-90E5-B936-C775A2C5107C"/>
</associations>
</Column>
<Column name="SOL_FINAN_ESC_DEPORT_id_esc" id="38D44774-E371-D3A6-DC6A-40BA70AD764D">
<createdBy>lilianatapia</createdBy>
<createdTime>2024-09-30 20:34:15 UTC</createdTime>
<generatorID>8916D298-8E64-8955-7426-2EC3C5B4BF29</generatorID>
<ownerDesignName>SUMATIVA 3</ownerDesignName>
<useDomainConstraints>false</useDomainConstraints>
<use>1</use>
<logicalDatatype>LOGDT011</logicalDatatype>
<ownDataTypeParameters>,,</ownDataTypeParameters>
<previousColumn>false</previousColumn>
<autoIncrementCycle>false</autoIncrementCycle>
<associations>
<colAssociation fkAssociation="1C89E1FF-46B2-F507-754F-2657527BA590" referredColumn="0F3832AC-BF4C-7799-B2E6-D26194394C58"/>
</associations>
</Column>
</columns>
<indexes itemClass="oracle.dbtools.crest.model.design.relational.Index">
<ind_PK_UK id="8310BA8E-7AC8-B27B-74B4-067E9B53FDDA" name="COSTO_OPERACIONAL_PK">
<createdBy>lilianatapia</createdBy>
<createdTime>2024-09-30 20:34:15 UTC</createdTime>
<generatorID>EF7DB261-A341-DE0F-34C9-00BE7B0B449A</generatorID>
<ownerDesignName>SUMATIVA 3</ownerDesignName>
<pk>true</pk>
<indexState>Primary Constraint</indexState>
<isSurrogateKey>false</isSurrogateKey>
<indexColumnUsage>
<colUsage columnID="CAAD46AF-A80D-1B37-36E5-6ECEE9648EA0"/>
<colUsage columnID="00FD57BE-A7EE-9EEC-25FB-B3D05B949640"/>
</indexColumnUsage>
</ind_PK_UK>
<ind_PK_UK id="48A2AB74-DA7A-00C6-ABB9-55006210265A" name="COSTO_OPERACIONAL_ESCUELA_DEPORTIVA_FK">
<createdBy>lilianatapia</createdBy>
<createdTime>2024-09-30 20:34:15 UTC</createdTime>
<generatorID>E6A8D38B-2A86-3588-48D2-95811F9F013A</generatorID>
<ownerDesignName>SUMATIVA 3</ownerDesignName>
<indexState>Foreign Key</indexState>
<isSurrogateKey>false</isSurrogateKey>
<indexColumnUsage>
<colUsage columnID="00FD57BE-A7EE-9EEC-25FB-B3D05B949640"/>
</indexColumnUsage>
</ind_PK_UK>
<ind_PK_UK id="6C865D5A-D3F7-DE9A-E266-8159A227CA8C" name="COSTO_OPERACIONAL_SOLICITUD_FINANCIAMIENTO_FK">
<createdBy>lilianatapia</createdBy>
<createdTime>2024-09-30 20:34:15 UTC</createdTime>
<generatorID>0FFADA9B-A712-9220-CA4E-0571780F6E6E</generatorID>
<ownerDesignName>SUMATIVA 3</ownerDesignName>
<indexState>Foreign Key</indexState>
<isSurrogateKey>false</isSurrogateKey>
<indexColumnUsage>
<colUsage columnID="0B9DEDEA-9CBA-1210-5FCC-855E7E95C204"/>
<colUsage columnID="38D44774-E371-D3A6-DC6A-40BA70AD764D"/>
</indexColumnUsage>
</ind_PK_UK>
</indexes>
</Table>