<?xml version = '1.0' encoding = 'UTF-8'?>
<Table class="oracle.dbtools.crest.model.design.relational.Table" directorySegmentName="seg_0" id="A829ED68-ACFE-04C6-37BB-991FED970F19" name="ASISTENTE">
<createdBy>lilianatapia</createdBy>
<createdTime>2024-09-30 20:34:15 UTC</createdTime>
<generatorID>94103922-7363-AA3C-16BC-A4E7B1775BCC</generatorID>
<ownerDesignName>SUMATIVA 3</ownerDesignName>
<allowColumnReorder>false</allowColumnReorder>
<existDependencyGenerateInDDl>true</existDependencyGenerateInDDl>
<parsed>true</parsed>
<columns itemClass="oracle.dbtools.crest.model.design.relational.Column">
<Column name="id_asistente" id="4F786E40-837E-11C2-0208-C8D3B8643A9B">
<createdBy>lilianatapia</createdBy>
<createdTime>2024-09-30 20:48:00 UTC</createdTime>
<ownerDesignName>SUMATIVA 3</ownerDesignName>
<useDomainConstraints>false</useDomainConstraints>
<use>1</use>
<logicalDatatype>LOGDT011</logicalDatatype>
<ownDataTypeParameters>,,</ownDataTypeParameters>
<autoIncrementCycle>false</autoIncrementCycle>
</Column>
<Column name="id_personal" id="1E720951-43FF-9B6E-D07A-65190E5C1636">
<createdBy>lilianatapia</createdBy>
<createdTime>2024-09-30 20:34:15 UTC</createdTime>
<generatorID>E05C2AD0-DF77-FD2A-800D-8786A5E540CE</generatorID>
<ownerDesignName>SUMATIVA 3</ownerDesignName>
<useDomainConstraints>false</useDomainConstraints>
<use>1</use>
<logicalDatatype>LOGDT011</logicalDatatype>
<ownDataTypeParameters>,,</ownDataTypeParameters>
<autoIncrementCycle>false</autoIncrementCycle>
<associations>
<colAssociation fkAssociation="765C92CD-4B8A-AF56-4A8D-7DED59E72F51" referredColumn="782F3D8D-5C56-1F4C-FDCD-E2807BD8621E"/>
</associations>
</Column>
<Column name="tareas_asignadas" id="2FFDCAC6-2A87-93F3-9C6A-23D28650FF54">
<createdBy>lilianatapia</createdBy>
<createdTime>2024-09-30 20:34:15 UTC</createdTime>
<generatorID>365456DA-DFF8-2C72-3498-2C3532635559</generatorID>
<ownerDesignName>SUMATIVA 3</ownerDesignName>
<useDomainConstraints>false</useDomainConstraints>
<use>1</use>
<logicalDatatype>LOGDT024</logicalDatatype>
<dataTypeSize>50 BYTE</dataTypeSize>
<ownDataTypeParameters>50 BYTE,,</ownDataTypeParameters>
<autoIncrementCycle>false</autoIncrementCycle>
</Column>
<Column name="horas_semanales" id="F0C7F5F9-BC90-A9E3-061D-F7C2F46C0585">
<createdBy>lilianatapia</createdBy>
<createdTime>2024-09-30 20:34:15 UTC</createdTime>
<generatorID>D4FC618B-7BF7-25E4-C97E-D7C2A484BA89</generatorID>
<ownerDesignName>SUMATIVA 3</ownerDesignName>
<useDomainConstraints>false</useDomainConstraints>
<use>1</use>
<logicalDatatype>LOGDT019</logicalDatatype>
<dataTypePrecision>3</dataTypePrecision>
<ownDataTypeParameters>,3,</ownDataTypeParameters>
<autoIncrementCycle>false</autoIncrementCycle>
</Column>
<Column name="id_escuela" id="6103CAA8-962D-E1CA-AE05-61325352B18E">
<createdBy>lilianatapia</createdBy>
<createdTime>2024-09-30 20:34:15 UTC</createdTime>
<generatorID>3247B46E-48B0-14DA-48E9-EEEAF21346E1</generatorID>
<ownerDesignName>SUMATIVA 3</ownerDesignName>
<useDomainConstraints>false</useDomainConstraints>
<use>1</use>
<logicalDatatype>LOGDT011</logicalDatatype>
<ownDataTypeParameters>,,</ownDataTypeParameters>
<previousColumn>false</previousColumn>
<autoIncrementCycle>false</autoIncrementCycle>
<associations>
<colAssociation fkAssociation="765C92CD-4B8A-AF56-4A8D-7DED59E72F51" referredColumn="85ECB275-66A2-324C-58A2-391E5C14E031"/>
</associations>
</Column>
</columns>
<indexes itemClass="oracle.dbtools.crest.model.design.relational.Index">
<ind_PK_UK id="67EFE9B9-5BF8-843D-41DA-82BD1EC92988" name="ASISTENTE_PK">
<createdBy>lilianatapia</createdBy>
<createdTime>2024-09-30 20:34:15 UTC</createdTime>
<generatorID>8F33776B-4E16-81C4-8469-B38618EF5950</generatorID>
<ownerDesignName>SUMATIVA 3</ownerDesignName>
<pk>true</pk>
<indexState>Primary Constraint</indexState>
<isSurrogateKey>false</isSurrogateKey>
<indexColumnUsage>
<colUsage columnID="1E720951-43FF-9B6E-D07A-65190E5C1636"/>
<colUsage columnID="6103CAA8-962D-E1CA-AE05-61325352B18E"/>
<colUsage columnID="4F786E40-837E-11C2-0208-C8D3B8643A9B"/>
</indexColumnUsage>
</ind_PK_UK>
<ind_PK_UK id="8045E25C-D59E-C4D2-B781-2080210FB523" name="ASISTENTE_PERSONAL_FK">
<createdBy>lilianatapia</createdBy>
<createdTime>2024-09-30 20:34:15 UTC</createdTime>
<generatorID>9CB06E99-1420-182B-D07A-14F4FCAE041D</generatorID>
<ownerDesignName>SUMATIVA 3</ownerDesignName>
<indexState>Foreign Key</indexState>
<isSurrogateKey>false</isSurrogateKey>
<indexColumnUsage>
<colUsage columnID="1E720951-43FF-9B6E-D07A-65190E5C1636"/>
<colUsage columnID="6103CAA8-962D-E1CA-AE05-61325352B18E"/>
</indexColumnUsage>
</ind_PK_UK>
</indexes>
</Table>