<?xml version = '1.0' encoding = 'UTF-8'?>
<Table class="oracle.dbtools.crest.model.design.relational.Table" directorySegmentName="seg_0" id="C73409A6-C702-ED71-B1D1-39919A534094" name="ENTRENADOR">
<createdBy>lilianatapia</createdBy>
<createdTime>2024-09-30 20:34:15 UTC</createdTime>
<generatorID>86BAF53B-0CB0-25F5-AD43-2BBEC03C269A</generatorID>
<ownerDesignName>SUMATIVA 3</ownerDesignName>
<allowColumnReorder>false</allowColumnReorder>
<existDependencyGenerateInDDl>true</existDependencyGenerateInDDl>
<parsed>true</parsed>
<columns itemClass="oracle.dbtools.crest.model.design.relational.Column">
<Column name="id_entrenador " id="EE2B3DDD-B747-3962-5EBC-A10524C3D6BD">
<createdBy>lilianatapia</createdBy>
<createdTime>2024-09-30 20:46:53 UTC</createdTime>
<ownerDesignName>SUMATIVA 3</ownerDesignName>
<useDomainConstraints>false</useDomainConstraints>
<use>1</use>
<logicalDatatype>LOGDT011</logicalDatatype>
<ownDataTypeParameters>,,</ownDataTypeParameters>
<autoIncrementCycle>false</autoIncrementCycle>
</Column>
<Column name="id_personal" id="FFF919BC-6BB8-5558-F199-B00E6EF9B66E">
<createdBy>lilianatapia</createdBy>
<createdTime>2024-09-30 20:34:15 UTC</createdTime>
<generatorID>E05C2AD0-DF77-FD2A-800D-8786A5E540CE</generatorID>
<ownerDesignName>SUMATIVA 3</ownerDesignName>
<useDomainConstraints>false</useDomainConstraints>
<use>1</use>
<logicalDatatype>LOGDT011</logicalDatatype>
<ownDataTypeParameters>,,</ownDataTypeParameters>
<autoIncrementCycle>false</autoIncrementCycle>
<associations>
<colAssociation fkAssociation="9FB9A5DD-CB37-E918-5C12-2AE5BC13DFE5" referredColumn="782F3D8D-5C56-1F4C-FDCD-E2807BD8621E"/>
</associations>
</Column>
<Column name="especialidad_deportiva" id="3C7D6D0D-2CCA-98DA-E165-CDDB1F6A4794">
<createdBy>lilianatapia</createdBy>
<createdTime>2024-09-30 20:34:15 UTC</createdTime>
<generatorID>98E2D60F-8FCF-27BD-32B0-A12214B74C28</generatorID>
<ownerDesignName>SUMATIVA 3</ownerDesignName>
<useDomainConstraints>false</useDomainConstraints>
<use>1</use>
<logicalDatatype>LOGDT024</logicalDatatype>
<dataTypeSize>50 BYTE</dataTypeSize>
<ownDataTypeParameters>50 BYTE,,</ownDataTypeParameters>
<autoIncrementCycle>false</autoIncrementCycle>
</Column>
<Column name="certificaciones" id="CBFF5D6C-8942-F1AB-E0F9-6C5F5233D6BE">
<createdBy>lilianatapia</createdBy>
<createdTime>2024-09-30 20:34:15 UTC</createdTime>
<generatorID>F561C57F-55D0-23E9-0119-1286CEE86CEE</generatorID>
<ownerDesignName>SUMATIVA 3</ownerDesignName>
<useDomainConstraints>false</useDomainConstraints>
<use>1</use>
<logicalDatatype>LOGDT024</logicalDatatype>
<dataTypeSize>50 BYTE</dataTypeSize>
<ownDataTypeParameters>50 BYTE,,</ownDataTypeParameters>
<autoIncrementCycle>false</autoIncrementCycle>
</Column>
<Column name="anios_experiencia" id="60C6E68A-8AA3-F0F9-B504-6C76E470089E">
<createdBy>lilianatapia</createdBy>
<createdTime>2024-09-30 20:34:15 UTC</createdTime>
<generatorID>0C40BFA4-31F3-17D9-C1F8-B955FEF868EF</generatorID>
<ownerDesignName>SUMATIVA 3</ownerDesignName>
<useDomainConstraints>false</useDomainConstraints>
<use>1</use>
<logicalDatatype>LOGDT011</logicalDatatype>
<ownDataTypeParameters>,,</ownDataTypeParameters>
<autoIncrementCycle>false</autoIncrementCycle>
</Column>
<Column name="id_escuela" id="EEE25482-BB0C-4291-48BE-565B01235E2A">
<createdBy>lilianatapia</createdBy>
<createdTime>2024-09-30 20:34:15 UTC</createdTime>
<generatorID>3247B46E-48B0-14DA-48E9-EEEAF21346E1</generatorID>
<ownerDesignName>SUMATIVA 3</ownerDesignName>
<useDomainConstraints>false</useDomainConstraints>
<use>1</use>
<logicalDatatype>LOGDT011</logicalDatatype>
<ownDataTypeParameters>,,</ownDataTypeParameters>
<previousColumn>false</previousColumn>
<autoIncrementCycle>false</autoIncrementCycle>
<associations>
<colAssociation fkAssociation="9FB9A5DD-CB37-E918-5C12-2AE5BC13DFE5" referredColumn="85ECB275-66A2-324C-58A2-391E5C14E031"/>
</associations>
</Column>
</columns>
<indexes itemClass="oracle.dbtools.crest.model.design.relational.Index">
<ind_PK_UK id="729218CE-4037-7C38-C710-6E06B0E859E9" name="ENTRENADOR_PK">
<createdBy>lilianatapia</createdBy>
<createdTime>2024-09-30 20:34:15 UTC</createdTime>
<generatorID>8F33776B-4E16-81C4-8469-B38618EF5950</generatorID>
<ownerDesignName>SUMATIVA 3</ownerDesignName>
<pk>true</pk>
<indexState>Primary Constraint</indexState>
<isSurrogateKey>false</isSurrogateKey>
<indexColumnUsage>
<colUsage columnID="FFF919BC-6BB8-5558-F199-B00E6EF9B66E"/>
<colUsage columnID="EEE25482-BB0C-4291-48BE-565B01235E2A"/>
<colUsage columnID="EE2B3DDD-B747-3962-5EBC-A10524C3D6BD"/>
</indexColumnUsage>
</ind_PK_UK>
<ind_PK_UK id="8C60FA34-0D26-0D46-8CCB-7BD1721F213A" name="ENTRENADOR_PERSONAL_FK">
<createdBy>lilianatapia</createdBy>
<createdTime>2024-09-30 20:34:15 UTC</createdTime>
<generatorID>CB54CAD3-A79E-16A4-8CA0-0939A36C420F</generatorID>
<ownerDesignName>SUMATIVA 3</ownerDesignName>
<indexState>Foreign Key</indexState>
<isSurrogateKey>false</isSurrogateKey>
<indexColumnUsage>
<colUsage columnID="FFF919BC-6BB8-5558-F199-B00E6EF9B66E"/>
<colUsage columnID="EEE25482-BB0C-4291-48BE-565B01235E2A"/>
</indexColumnUsage>
</ind_PK_UK>
</indexes>
</Table>