<?xml version = '1.0' encoding = 'UTF-8'?>
<Table class="oracle.dbtools.crest.model.design.relational.Table" directorySegmentName="seg_0" id="DB9BBBDE-5E9A-E181-C7EF-B92EAE4A835C" name="SOLICITUD_FINANCIAMIENTO">
<createdBy>lilianatapia</createdBy>
<createdTime>2024-09-30 20:34:15 UTC</createdTime>
<generatorID>262397A8-8EAD-8371-E88E-040DAAC9F047</generatorID>
<ownerDesignName>SUMATIVA 3</ownerDesignName>
<allowColumnReorder>false</allowColumnReorder>
<existDependencyGenerateInDDl>true</existDependencyGenerateInDDl>
<parsed>true</parsed>
<columns itemClass="oracle.dbtools.crest.model.design.relational.Column">
<Column name="id_solicitud" id="8807B876-612B-90E5-B936-C775A2C5107C">
<createdBy>lilianatapia</createdBy>
<createdTime>2024-09-30 20:34:15 UTC</createdTime>
<generatorID>0CAE0010-AAA1-2277-25A5-5689403FC2A5</generatorID>
<ownerDesignName>SUMATIVA 3</ownerDesignName>
<useDomainConstraints>false</useDomainConstraints>
<use>1</use>
<logicalDatatype>LOGDT011</logicalDatatype>
<ownDataTypeParameters>,,</ownDataTypeParameters>
<autoIncrementCycle>false</autoIncrementCycle>
</Column>
<Column name="fecha_solicitud" id="FDE86E74-1B0C-99B7-2B2A-DDACC076F429">
<createdBy>lilianatapia</createdBy>
<createdTime>2024-09-30 20:34:15 UTC</createdTime>
<generatorID>52C671B7-CA97-0912-6CD0-F31826C453AD</generatorID>
<ownerDesignName>SUMATIVA 3</ownerDesignName>
<useDomainConstraints>false</useDomainConstraints>
<use>1</use>
<logicalDatatype>LOGDT007</logicalDatatype>
<ownDataTypeParameters>,,</ownDataTypeParameters>
<autoIncrementCycle>false</autoIncrementCycle>
</Column>
<Column name="monto_solicitado" id="BFB61A85-8B63-4CF7-1CB9-BAEC70104B8A">
<createdBy>lilianatapia</createdBy>
<createdTime>2024-09-30 20:34:15 UTC</createdTime>
<generatorID>13B33E81-9CFE-F525-16C7-1777568C5703</generatorID>
<ownerDesignName>SUMATIVA 3</ownerDesignName>
<useDomainConstraints>false</useDomainConstraints>
<use>1</use>
<logicalDatatype>LOGDT019</logicalDatatype>
<dataTypePrecision>12</dataTypePrecision>
<dataTypeScale>2</dataTypeScale>
<ownDataTypeParameters>,12,2</ownDataTypeParameters>
<autoIncrementCycle>false</autoIncrementCycle>
</Column>
<Column name="estado" id="DF7F1281-7C57-F6D2-AE60-33EE5A8D2B7E">
<createdBy>lilianatapia</createdBy>
<createdTime>2024-09-30 20:34:15 UTC</createdTime>
<generatorID>761102E4-DF44-E935-6813-154D8C562B08</generatorID>
<ownerDesignName>SUMATIVA 3</ownerDesignName>
<useDomainConstraints>false</useDomainConstraints>
<use>1</use>
<logicalDatatype>LOGDT024</logicalDatatype>
<dataTypeSize>30 BYTE</dataTypeSize>
<ownDataTypeParameters>30 BYTE,,</ownDataTypeParameters>
<autoIncrementCycle>false</autoIncrementCycle>
</Column>
<Column name="ESC_DEPORT_id_esc" id="0F3832AC-BF4C-7799-B2E6-D26194394C58">
<createdBy>lilianatapia</createdBy>
<createdTime>2024-09-30 20:34:15 UTC</createdTime>
<generatorID>798FC986-E122-8BA1-0F2D-C6F709E6856D</generatorID>
<ownerDesignName>SUMATIVA 3</ownerDesignName>
<useDomainConstraints>false</useDomainConstraints>
<use>1</use>
<logicalDatatype>LOGDT011</logicalDatatype>
<ownDataTypeParameters>,,</ownDataTypeParameters>
<previousColumn>false</previousColumn>
<autoIncrementCycle>false</autoIncrementCycle>
<associations>
<colAssociation fkAssociation="E9679B1B-2611-1874-158A-CC34316D651F" referredColumn="BF846576-2DE4-E74B-7E56-9CC81806C37C"/>
</associations>
</Column>
<Column name="tipo_finan" id="7EFBBCE9-B41C-825F-93B4-14F3D3E4AD73">
<createdBy>lilianatapia</createdBy>
<createdTime>2024-09-30 20:45:13 UTC</createdTime>
<generatorID>3989DD2F-E5F0-9AEB-8328-E52FC854AD38</generatorID>
<ownerDesignName>SUMATIVA 3</ownerDesignName>
<useDomainConstraints>false</useDomainConstraints>
<use>1</use>
<logicalDatatype>LOGDT024</logicalDatatype>
<dataTypeSize>30 BYTE</dataTypeSize>
<ownDataTypeParameters>30 BYTE,,</ownDataTypeParameters>
<autoIncrementCycle>false</autoIncrementCycle>
</Column>
</columns>
<indexes itemClass="oracle.dbtools.crest.model.design.relational.Index">
<ind_PK_UK id="8AFDB2BE-C759-51A7-896B-7743C7D8C9AD" name="SOLICITUD_FINANCIAMIENTO_PK">
<createdBy>lilianatapia</createdBy>
<createdTime>2024-09-30 20:34:15 UTC</createdTime>
<generatorID>54750CC9-31AD-2EC7-2FE5-20FB7F32EDDF</generatorID>
<ownerDesignName>SUMATIVA 3</ownerDesignName>
<pk>true</pk>
<indexState>Primary Constraint</indexState>
<isSurrogateKey>false</isSurrogateKey>
<indexColumnUsage>
<colUsage columnID="8807B876-612B-90E5-B936-C775A2C5107C"/>
<colUsage columnID="0F3832AC-BF4C-7799-B2E6-D26194394C58"/>
</indexColumnUsage>
</ind_PK_UK>
<ind_PK_UK id="F55204CB-4497-3E4B-F570-358CBC9E31C9" name="SOLICITUD_FINANCIAMIENTO_ESCUELA_DEPORTIVA_FK">
<createdBy>lilianatapia</createdBy>
<createdTime>2024-09-30 20:34:15 UTC</createdTime>
<generatorID>FE4F335B-F84A-6CD3-F2E9-FC2C808BEDF3</generatorID>
<ownerDesignName>SUMATIVA 3</ownerDesignName>
<indexState>Foreign Key</indexState>
<isSurrogateKey>false</isSurrogateKey>
<indexColumnUsage>
<colUsage columnID="0F3832AC-BF4C-7799-B2E6-D26194394C58"/>
</indexColumnUsage>
</ind_PK_UK>
</indexes>
</Table>