<?xml version = '1.0' encoding = 'UTF-8'?>
<Entity class="oracle.dbtools.crest.model.design.logical.Entity" directorySegmentName="seg_0" id="12B49CD0-6865-D4B9-F3D4-D07771E331AC" name="ADMINISTRADOR">
<createdBy>lilianatapia</createdBy>
<createdTime>2024-09-29 16:52:02 UTC</createdTime>
<ownerDesignName>SUMATIVA 3</ownerDesignName>
<engineerTo>
<item key="424E7384-A397-2D41-E1AF-E1DF86A91689" value="true"/>
</engineerTo>
<adequatelyNormalized>NO</adequatelyNormalized>
<expectedVolumes>0</expectedVolumes>
<fwdEngineeringStrategyName>Single Table</fwdEngineeringStrategyName>
<growthPercent>0</growthPercent>
<growthType>Year</growthType>
<hierarchicalParent>F35252AC-09D8-3FD6-114D-655470492B0E</hierarchicalParent>
<maxVolumes>9999999</maxVolumes>
<minVolumes>0</minVolumes>
<normalForm>Third</normalForm>
<attributes itemClass="oracle.dbtools.crest.model.design.logical.Attribute">
<Attribute name="area_gestion " id="0A6F3AF7-D82F-F1F8-88CD-5BB02A6AB7E1">
<createdBy>lilianatapia</createdBy>
<createdTime>2024-09-29 16:52:19 UTC</createdTime>
<ownerDesignName>SUMATIVA 3</ownerDesignName>
<engineerTo>
<item key="424E7384-A397-2D41-E1AF-E1DF86A91689" value="true"/>
</engineerTo>
<useDomainConstraints>false</useDomainConstraints>
<use>1</use>
<logicalDatatype>LOGDT024</logicalDatatype>
<dataTypeSize>30 BYTE</dataTypeSize>
<ownDataTypeParameters>30 BYTE,,</ownDataTypeParameters>
</Attribute>
<Attribute name="anio_gestion" id="AF9BAA8F-1538-2BDD-585F-F000E3566308">
<createdBy>lilianatapia</createdBy>
<createdTime>2024-09-29 16:52:38 UTC</createdTime>
<ownerDesignName>SUMATIVA 3</ownerDesignName>
<engineerTo>
<item key="424E7384-A397-2D41-E1AF-E1DF86A91689" value="true"/>
</engineerTo>
<useDomainConstraints>false</useDomainConstraints>
<use>1</use>
<logicalDatatype>LOGDT011</logicalDatatype>
<ownDataTypeParameters>,,</ownDataTypeParameters>
</Attribute>
</attributes>
</Entity>