<?xml version = '1.0' encoding = 'UTF-8'?>
<Entity class="oracle.dbtools.crest.model.design.logical.Entity" directorySegmentName="seg_0" id="262397A8-8EAD-8371-E88E-040DAAC9F047" name="SOLICITUD_FINANCIAMIENTO">
<createdBy>lilianatapia</createdBy>
<createdTime>2024-09-29 15:21:04 UTC</createdTime>
<ownerDesignName>SUMATIVA 3</ownerDesignName>
<engineerTo>
<item key="424E7384-A397-2D41-E1AF-E1DF86A91689" value="true"/>
</engineerTo>
<adequatelyNormalized>NO</adequatelyNormalized>
<expectedVolumes>0</expectedVolumes>
<fwdEngineeringStrategyName>Single Table</fwdEngineeringStrategyName>
<growthPercent>0</growthPercent>
<growthType>Year</growthType>
<maxVolumes>9999999</maxVolumes>
<minVolumes>0</minVolumes>
<normalForm>Third</normalForm>
<attributes itemClass="oracle.dbtools.crest.model.design.logical.Attribute">
<Attribute name="id_solicitud" id="0CAE0010-AAA1-2277-25A5-5689403FC2A5">
<createdBy>lilianatapia</createdBy>
<createdTime>2024-09-29 15:21:24 UTC</createdTime>
<ownerDesignName>SUMATIVA 3</ownerDesignName>
<engineerTo>
<item key="424E7384-A397-2D41-E1AF-E1DF86A91689" value="true"/>
</engineerTo>
<useDomainConstraints>false</useDomainConstraints>
<use>1</use>
<logicalDatatype>LOGDT011</logicalDatatype>
<ownDataTypeParameters>,,</ownDataTypeParameters>
</Attribute>
<Attribute name="fecha_solicitud" id="52C671B7-CA97-0912-6CD0-F31826C453AD">
<createdBy>lilianatapia</createdBy>
<createdTime>2024-09-29 15:21:40 UTC</createdTime>
<ownerDesignName>SUMATIVA 3</ownerDesignName>
<engineerTo>
<item key="424E7384-A397-2D41-E1AF-E1DF86A91689" value="true"/>
</engineerTo>
<useDomainConstraints>false</useDomainConstraints>
<use>1</use>
<logicalDatatype>LOGDT007</logicalDatatype>
<ownDataTypeParameters>,,</ownDataTypeParameters>
</Attribute>
<Attribute name="monto_solicitado" id="13B33E81-9CFE-F525-16C7-1777568C5703">
<createdBy>lilianatapia</createdBy>
<createdTime>2024-09-29 15:21:55 UTC</createdTime>
<ownerDesignName>SUMATIVA 3</ownerDesignName>
<engineerTo>
<item key="424E7384-A397-2D41-E1AF-E1DF86A91689" value="true"/>
</engineerTo>
<useDomainConstraints>false</useDomainConstraints>
<use>1</use>
<logicalDatatype>LOGDT019</logicalDatatype>
<dataTypePrecision>12</dataTypePrecision>
<dataTypeScale>2</dataTypeScale>
<ownDataTypeParameters>,12,2</ownDataTypeParameters>
</Attribute>
<Attribute name="estado" id="761102E4-DF44-E935-6813-154D8C562B08">
<createdBy>lilianatapia</createdBy>
<createdTime>2024-09-29 15:22:14 UTC</createdTime>
<ownerDesignName>SUMATIVA 3</ownerDesignName>
<engineerTo>
<item key="424E7384-A397-2D41-E1AF-E1DF86A91689" value="true"/>
</engineerTo>
<useDomainConstraints>false</useDomainConstraints>
<use>1</use>
<logicalDatatype>LOGDT024</logicalDatatype>
<dataTypeSize>30 BYTE</dataTypeSize>
<ownDataTypeParameters>30 BYTE,,</ownDataTypeParameters>
</Attribute>
<Attribute name="tipo_financiamiento" id="3989DD2F-E5F0-9AEB-8328-E52FC854AD38">
<createdBy>lilianatapia</createdBy>
<createdTime>2024-09-30 20:43:30 UTC</createdTime>
<ownerDesignName>SUMATIVA 3</ownerDesignName>
<engineerTo>
<item key="424E7384-A397-2D41-E1AF-E1DF86A91689" value="true"/>
</engineerTo>
<useDomainConstraints>false</useDomainConstraints>
<use>1</use>
<logicalDatatype>LOGDT024</logicalDatatype>
<dataTypeSize>30 BYTE</dataTypeSize>
<ownDataTypeParameters>30 BYTE,,</ownDataTypeParameters>
</Attribute>
<Attribute name="id_escuela" id="798FC986-E122-8BA1-0F2D-C6F709E6856D">
<createdBy>lilianatapia</createdBy>
<createdTime>2024-09-29 15:25:51 UTC</createdTime>
<generatorID>FE4F335B-F84A-6CD3-F2E9-FC2C808BEDF3</generatorID>
<ownerDesignName>SUMATIVA 3</ownerDesignName>
<engineerTo>
<item key="424E7384-A397-2D41-E1AF-E1DF86A91689" value="true"/>
</engineerTo>
<referedAttribute>A1F1F071-272D-3491-0499-2B7A0BA341A7</referedAttribute>
<useDomainConstraints>false</useDomainConstraints>
<use>1</use>
<logicalDatatype>LOGDT011</logicalDatatype>
<ownDataTypeParameters>,,</ownDataTypeParameters>
</Attribute>
</attributes>
<identifiers itemClass="oracle.dbtools.crest.model.design.logical.CandidateKey">
<identifier id="54750CC9-31AD-2EC7-2FE5-20FB7F32EDDF" name="SOLICITUD_FINANCIAMIENTO PK">
<createdBy>lilianatapia</createdBy>
<createdTime>2024-09-29 15:21:38 UTC</createdTime>
<ownerDesignName>SUMATIVA 3</ownerDesignName>
<shouldEngineer>false</shouldEngineer>
<engineerTo>
<item key="424E7384-A397-2D41-E1AF-E1DF86A91689" value="false"/>
</engineerTo>
<pk>true</pk>
<usedAttributes>
<attributeRef>0CAE0010-AAA1-2277-25A5-5689403FC2A5</attributeRef>
<attributeRef>798FC986-E122-8BA1-0F2D-C6F709E6856D</attributeRef>
</usedAttributes>
</identifier>
</identifiers>
</Entity>