<?xml version = '1.0' encoding = 'UTF-8'?>
<Entity class="oracle.dbtools.crest.model.design.logical.Entity" directorySegmentName="seg_0" id="2C83A1CC-D350-AE90-741F-78B098A3950F" name="COSTO_OPERACIONAL">
<createdBy>lilianatapia</createdBy>
<createdTime>2024-09-29 15:14:56 UTC</createdTime>
<ownerDesignName>SUMATIVA 3</ownerDesignName>
<engineerTo>
<item key="424E7384-A397-2D41-E1AF-E1DF86A91689" value="true"/>
</engineerTo>
<adequatelyNormalized>NO</adequatelyNormalized>
<expectedVolumes>0</expectedVolumes>
<fwdEngineeringStrategyName>Single Table</fwdEngineeringStrategyName>
<growthPercent>0</growthPercent>
<growthType>Year</growthType>
<maxVolumes>9999999</maxVolumes>
<minVolumes>0</minVolumes>
<normalForm>Third</normalForm>
<attributes itemClass="oracle.dbtools.crest.model.design.logical.Attribute">
<Attribute name="id_costo" id="986EFCD9-D7E3-90F8-EE67-D1DF02B8AB84">
<createdBy>lilianatapia</createdBy>
<createdTime>2024-09-29 15:15:09 UTC</createdTime>
<ownerDesignName>SUMATIVA 3</ownerDesignName>
<engineerTo>
<item key="424E7384-A397-2D41-E1AF-E1DF86A91689" value="true"/>
</engineerTo>
<useDomainConstraints>false</useDomainConstraints>
<use>1</use>
<logicalDatatype>LOGDT011</logicalDatatype>
<ownDataTypeParameters>,,</ownDataTypeParameters>
</Attribute>
<Attribute name="descripcion" id="FC873CF5-FC71-8066-0FC1-3B77C715F3F8">
<createdBy>lilianatapia</createdBy>
<createdTime>2024-09-29 15:15:25 UTC</createdTime>
<ownerDesignName>SUMATIVA 3</ownerDesignName>
<engineerTo>
<item key="424E7384-A397-2D41-E1AF-E1DF86A91689" value="true"/>
</engineerTo>
<useDomainConstraints>false</useDomainConstraints>
<use>1</use>
<logicalDatatype>LOGDT024</logicalDatatype>
<dataTypeSize>100 BYTE</dataTypeSize>
<ownDataTypeParameters>100 BYTE,,</ownDataTypeParameters>
</Attribute>
<Attribute name="monto" id="1B3631D3-C0B5-E53C-7577-0E4D7C2B901A">
<createdBy>lilianatapia</createdBy>
<createdTime>2024-09-29 15:15:42 UTC</createdTime>
<ownerDesignName>SUMATIVA 3</ownerDesignName>
<engineerTo>
<item key="424E7384-A397-2D41-E1AF-E1DF86A91689" value="true"/>
</engineerTo>
<useDomainConstraints>false</useDomainConstraints>
<use>1</use>
<logicalDatatype>LOGDT019</logicalDatatype>
<dataTypePrecision>12</dataTypePrecision>
<dataTypeScale>2</dataTypeScale>
<ownDataTypeParameters>,12,2</ownDataTypeParameters>
</Attribute>
<Attribute name="fecha" id="BD4C9A7A-304A-2FBF-CB71-86B7B6A8AC82">
<createdBy>lilianatapia</createdBy>
<createdTime>2024-09-29 15:16:07 UTC</createdTime>
<ownerDesignName>SUMATIVA 3</ownerDesignName>
<engineerTo>
<item key="424E7384-A397-2D41-E1AF-E1DF86A91689" value="true"/>
</engineerTo>
<useDomainConstraints>false</useDomainConstraints>
<use>1</use>
<logicalDatatype>LOGDT007</logicalDatatype>
<ownDataTypeParameters>,,</ownDataTypeParameters>
</Attribute>
<Attribute name="id_escuela" id="22E033E6-FC2D-DAA2-D2A5-DEF12D88CB30">
<createdBy>lilianatapia</createdBy>
<createdTime>2024-09-29 15:25:01 UTC</createdTime>
<generatorID>E6A8D38B-2A86-3588-48D2-95811F9F013A</generatorID>
<ownerDesignName>SUMATIVA 3</ownerDesignName>
<engineerTo>
<item key="424E7384-A397-2D41-E1AF-E1DF86A91689" value="true"/>
</engineerTo>
<referedAttribute>A1F1F071-272D-3491-0499-2B7A0BA341A7</referedAttribute>
<useDomainConstraints>false</useDomainConstraints>
<use>1</use>
<logicalDatatype>LOGDT011</logicalDatatype>
<ownDataTypeParameters>,,</ownDataTypeParameters>
</Attribute>
<Attribute name="id_solicitud" id="0FCAF9C3-5040-F860-16D5-75D7FE6BF5ED">
<createdBy>lilianatapia</createdBy>
<createdTime>2024-09-29 15:57:48 UTC</createdTime>
<generatorID>0FFADA9B-A712-9220-CA4E-0571780F6E6E</generatorID>
<ownerDesignName>SUMATIVA 3</ownerDesignName>
<engineerTo>
<item key="424E7384-A397-2D41-E1AF-E1DF86A91689" value="true"/>
</engineerTo>
<referedAttribute>0CAE0010-AAA1-2277-25A5-5689403FC2A5</referedAttribute>
<useDomainConstraints>false</useDomainConstraints>
<use>1</use>
<logicalDatatype>LOGDT011</logicalDatatype>
<ownDataTypeParameters>,,</ownDataTypeParameters>
</Attribute>
<Attribute name="id_escuela1" id="8916D298-8E64-8955-7426-2EC3C5B4BF29">
<createdBy>lilianatapia</createdBy>
<createdTime>2024-09-29 15:57:48 UTC</createdTime>
<generatorID>0FFADA9B-A712-9220-CA4E-0571780F6E6E</generatorID>
<ownerDesignName>SUMATIVA 3</ownerDesignName>
<engineerTo>
<item key="424E7384-A397-2D41-E1AF-E1DF86A91689" value="true"/>
</engineerTo>
<referedAttribute>798FC986-E122-8BA1-0F2D-C6F709E6856D</referedAttribute>
<useDomainConstraints>false</useDomainConstraints>
<use>1</use>
<logicalDatatype>LOGDT011</logicalDatatype>
<ownDataTypeParameters>,,</ownDataTypeParameters>
</Attribute>
</attributes>
<identifiers itemClass="oracle.dbtools.crest.model.design.logical.CandidateKey">
<identifier id="EF7DB261-A341-DE0F-34C9-00BE7B0B449A" name="COSTO_OPERACIONAL PK">
<createdBy>lilianatapia</createdBy>
<createdTime>2024-09-29 15:15:22 UTC</createdTime>
<ownerDesignName>SUMATIVA 3</ownerDesignName>
<shouldEngineer>false</shouldEngineer>
<engineerTo>
<item key="424E7384-A397-2D41-E1AF-E1DF86A91689" value="false"/>
</engineerTo>
<pk>true</pk>
<usedAttributes>
<attributeRef>986EFCD9-D7E3-90F8-EE67-D1DF02B8AB84</attributeRef>
<attributeRef>22E033E6-FC2D-DAA2-D2A5-DEF12D88CB30</attributeRef>
</usedAttributes>
</identifier>
</identifiers>
</Entity>