<?xml version = '1.0' encoding = 'UTF-8'?>
<Entity class="oracle.dbtools.crest.model.design.logical.Entity" directorySegmentName="seg_0" id="960C03FC-281F-88CF-362F-9B3B0B6119E1" name="ESCUELA_DEPORTIVA">
<createdBy>lilianatapia</createdBy>
<createdTime>2024-09-29 15:05:54 UTC</createdTime>
<ownerDesignName>SUMATIVA 3</ownerDesignName>
<engineerTo>
<item key="424E7384-A397-2D41-E1AF-E1DF86A91689" value="true"/>
</engineerTo>
<adequatelyNormalized>NO</adequatelyNormalized>
<expectedVolumes>0</expectedVolumes>
<fwdEngineeringStrategyName>Single Table</fwdEngineeringStrategyName>
<growthPercent>0</growthPercent>
<growthType>Year</growthType>
<maxVolumes>9999999</maxVolumes>
<minVolumes>0</minVolumes>
<normalForm>Third</normalForm>
<attributes itemClass="oracle.dbtools.crest.model.design.logical.Attribute">
<Attribute name="id_escuela" id="A1F1F071-272D-3491-0499-2B7A0BA341A7">
<createdBy>lilianatapia</createdBy>
<createdTime>2024-09-29 15:06:13 UTC</createdTime>
<ownerDesignName>SUMATIVA 3</ownerDesignName>
<engineerTo>
<item key="424E7384-A397-2D41-E1AF-E1DF86A91689" value="true"/>
</engineerTo>
<useDomainConstraints>false</useDomainConstraints>
<use>1</use>
<logicalDatatype>LOGDT011</logicalDatatype>
<ownDataTypeParameters>,,</ownDataTypeParameters>
</Attribute>
<Attribute name="nombre_escuela" id="59A6BD0C-FE73-39D9-BF36-52AE126FE46D">
<createdBy>lilianatapia</createdBy>
<createdTime>2024-09-29 15:06:39 UTC</createdTime>
<ownerDesignName>SUMATIVA 3</ownerDesignName>
<engineerTo>
<item key="424E7384-A397-2D41-E1AF-E1DF86A91689" value="true"/>
</engineerTo>
<useDomainConstraints>false</useDomainConstraints>
<use>1</use>
<logicalDatatype>LOGDT024</logicalDatatype>
<dataTypeSize>100 BYTE</dataTypeSize>
<ownDataTypeParameters>100 BYTE,,</ownDataTypeParameters>
</Attribute>
<Attribute name="tipo_escuela" id="9F33CB0C-022D-CE90-122F-432A5195EE97">
<createdBy>lilianatapia</createdBy>
<createdTime>2024-09-29 15:06:58 UTC</createdTime>
<ownerDesignName>SUMATIVA 3</ownerDesignName>
<engineerTo>
<item key="424E7384-A397-2D41-E1AF-E1DF86A91689" value="true"/>
</engineerTo>
<useDomainConstraints>false</useDomainConstraints>
<use>1</use>
<logicalDatatype>LOGDT024</logicalDatatype>
<dataTypeSize>50 BYTE</dataTypeSize>
<ownDataTypeParameters>50 BYTE,,</ownDataTypeParameters>
</Attribute>
<Attribute name="direccion" id="3D469516-D027-B62C-3118-AF3EF85EFB7C">
<createdBy>lilianatapia</createdBy>
<createdTime>2024-09-29 15:07:18 UTC</createdTime>
<ownerDesignName>SUMATIVA 3</ownerDesignName>
<engineerTo>
<item key="424E7384-A397-2D41-E1AF-E1DF86A91689" value="true"/>
</engineerTo>
<useDomainConstraints>false</useDomainConstraints>
<use>1</use>
<logicalDatatype>LOGDT024</logicalDatatype>
<dataTypeSize>150 BYTE</dataTypeSize>
<ownDataTypeParameters>150 BYTE,,</ownDataTypeParameters>
</Attribute>
<Attribute name="telefono" id="85D13396-5AF7-EE26-FECC-4716ECE337BD">
<createdBy>lilianatapia</createdBy>
<createdTime>2024-09-29 15:07:49 UTC</createdTime>
<ownerDesignName>SUMATIVA 3</ownerDesignName>
<engineerTo>
<item key="424E7384-A397-2D41-E1AF-E1DF86A91689" value="true"/>
</engineerTo>
<useDomainConstraints>false</useDomainConstraints>
<use>1</use>
<logicalDatatype>LOGDT024</logicalDatatype>
<dataTypeSize>15 BYTE</dataTypeSize>
<ownDataTypeParameters>15 BYTE,,</ownDataTypeParameters>
</Attribute>
<Attribute name="email" id="FDD43993-202B-BC0B-72A2-1FE6BAB6A133">
<createdBy>lilianatapia</createdBy>
<createdTime>2024-09-29 15:09:07 UTC</createdTime>
<ownerDesignName>SUMATIVA 3</ownerDesignName>
<engineerTo>
<item key="424E7384-A397-2D41-E1AF-E1DF86A91689" value="true"/>
</engineerTo>
<useDomainConstraints>false</useDomainConstraints>
<use>1</use>
<logicalDatatype>LOGDT024</logicalDatatype>
<dataTypeSize>50 BYTE</dataTypeSize>
<ownDataTypeParameters>50 BYTE,,</ownDataTypeParameters>
</Attribute>
<Attribute name="ciudad" id="16548CCD-9143-3B56-63E2-E0F0621C3162">
<createdBy>lilianatapia</createdBy>
<createdTime>2024-09-29 15:09:25 UTC</createdTime>
<ownerDesignName>SUMATIVA 3</ownerDesignName>
<engineerTo>
<item key="424E7384-A397-2D41-E1AF-E1DF86A91689" value="true"/>
</engineerTo>
<useDomainConstraints>false</useDomainConstraints>
<use>1</use>
<logicalDatatype>LOGDT024</logicalDatatype>
<dataTypeSize>50 BYTE</dataTypeSize>
<ownDataTypeParameters>50 BYTE,,</ownDataTypeParameters>
</Attribute>
<Attribute name="region" id="9A2C7181-EC5E-B379-C16E-6D505E0060FA">
<createdBy>lilianatapia</createdBy>
<createdTime>2024-09-29 15:09:40 UTC</createdTime>
<ownerDesignName>SUMATIVA 3</ownerDesignName>
<engineerTo>
<item key="424E7384-A397-2D41-E1AF-E1DF86A91689" value="true"/>
</engineerTo>
<useDomainConstraints>false</useDomainConstraints>
<use>1</use>
<logicalDatatype>LOGDT024</logicalDatatype>
<dataTypeSize>50 BYTE</dataTypeSize>
<ownDataTypeParameters>50 BYTE,,</ownDataTypeParameters>
</Attribute>
</attributes>
<identifiers itemClass="oracle.dbtools.crest.model.design.logical.CandidateKey">
<identifier id="E93AAA9A-D757-BABF-21B0-57C967C18AA0" name="ESCUELA_DEPORTIVA PK">
<createdBy>lilianatapia</createdBy>
<createdTime>2024-09-29 15:06:35 UTC</createdTime>
<ownerDesignName>SUMATIVA 3</ownerDesignName>
<shouldEngineer>false</shouldEngineer>
<engineerTo>
<item key="424E7384-A397-2D41-E1AF-E1DF86A91689" value="false"/>
</engineerTo>
<pk>true</pk>
<usedAttributes>
<attributeRef>A1F1F071-272D-3491-0499-2B7A0BA341A7</attributeRef>
</usedAttributes>
</identifier>
</identifiers>
</Entity>