<?xml version = '1.0' encoding = 'UTF-8'?>
<Entity class="oracle.dbtools.crest.model.design.logical.Entity" directorySegmentName="seg_0" id="F0FD57DD-8728-84A1-6B42-228C546F6D51" name="INSTALACION_DEPORTIVA">
<createdBy>lilianatapia</createdBy>
<createdTime>2024-09-29 15:16:59 UTC</createdTime>
<ownerDesignName>SUMATIVA 3</ownerDesignName>
<engineerTo>
<item key="424E7384-A397-2D41-E1AF-E1DF86A91689" value="true"/>
</engineerTo>
<adequatelyNormalized>NO</adequatelyNormalized>
<expectedVolumes>0</expectedVolumes>
<fwdEngineeringStrategyName>Single Table</fwdEngineeringStrategyName>
<growthPercent>0</growthPercent>
<growthType>Year</growthType>
<maxVolumes>9999999</maxVolumes>
<minVolumes>0</minVolumes>
<normalForm>Third</normalForm>
<attributes itemClass="oracle.dbtools.crest.model.design.logical.Attribute">
<Attribute name="id_instalacion" id="1A7167B9-3550-F6FB-C742-09A19BD10D7D">
<createdBy>lilianatapia</createdBy>
<createdTime>2024-09-29 15:17:20 UTC</createdTime>
<ownerDesignName>SUMATIVA 3</ownerDesignName>
<engineerTo>
<item key="424E7384-A397-2D41-E1AF-E1DF86A91689" value="true"/>
</engineerTo>
<useDomainConstraints>false</useDomainConstraints>
<use>1</use>
<logicalDatatype>LOGDT011</logicalDatatype>
<ownDataTypeParameters>,,</ownDataTypeParameters>
</Attribute>
<Attribute name="nombre_instalacion" id="876308B9-DF1E-84D4-5FFF-49A03EBDC343">
<createdBy>lilianatapia</createdBy>
<createdTime>2024-09-29 15:17:38 UTC</createdTime>
<ownerDesignName>SUMATIVA 3</ownerDesignName>
<engineerTo>
<item key="424E7384-A397-2D41-E1AF-E1DF86A91689" value="true"/>
</engineerTo>
<useDomainConstraints>false</useDomainConstraints>
<use>1</use>
<logicalDatatype>LOGDT024</logicalDatatype>
<dataTypeSize>50 BYTE</dataTypeSize>
<ownDataTypeParameters>50 BYTE,,</ownDataTypeParameters>
</Attribute>
<Attribute name="tipo_instalacion" id="D9725104-0260-175A-510A-AA2F489C7DDB">
<createdBy>lilianatapia</createdBy>
<createdTime>2024-09-29 15:18:05 UTC</createdTime>
<ownerDesignName>SUMATIVA 3</ownerDesignName>
<engineerTo>
<item key="424E7384-A397-2D41-E1AF-E1DF86A91689" value="true"/>
</engineerTo>
<useDomainConstraints>false</useDomainConstraints>
<use>1</use>
<logicalDatatype>LOGDT024</logicalDatatype>
<dataTypeSize>50 BYTE</dataTypeSize>
<ownDataTypeParameters>50 BYTE,,</ownDataTypeParameters>
</Attribute>
<Attribute name="capacidad" id="725B4EF7-A3AF-A8B6-7F6C-8128633335F2">
<createdBy>lilianatapia</createdBy>
<createdTime>2024-09-29 15:18:31 UTC</createdTime>
<ownerDesignName>SUMATIVA 3</ownerDesignName>
<engineerTo>
<item key="424E7384-A397-2D41-E1AF-E1DF86A91689" value="true"/>
</engineerTo>
<useDomainConstraints>false</useDomainConstraints>
<use>1</use>
<logicalDatatype>LOGDT011</logicalDatatype>
<ownDataTypeParameters>,,</ownDataTypeParameters>
</Attribute>
<Attribute name="id_escuela" id="9D468CD3-2607-B729-D4CF-641963854AE9">
<createdBy>lilianatapia</createdBy>
<createdTime>2024-09-29 15:25:26 UTC</createdTime>
<generatorID>7850EC55-A68E-A36B-EE6E-A5B5DF2F1828</generatorID>
<ownerDesignName>SUMATIVA 3</ownerDesignName>
<engineerTo>
<item key="424E7384-A397-2D41-E1AF-E1DF86A91689" value="true"/>
</engineerTo>
<referedAttribute>A1F1F071-272D-3491-0499-2B7A0BA341A7</referedAttribute>
<useDomainConstraints>false</useDomainConstraints>
<use>1</use>
<logicalDatatype>LOGDT011</logicalDatatype>
<ownDataTypeParameters>,,</ownDataTypeParameters>
</Attribute>
</attributes>
<identifiers itemClass="oracle.dbtools.crest.model.design.logical.CandidateKey">
<identifier id="F0AB19A6-285D-52AE-C06D-12CBC83DA0AE" name="INSTALACION_DEPORTIVA PK">
<createdBy>lilianatapia</createdBy>
<createdTime>2024-09-29 15:17:37 UTC</createdTime>
<ownerDesignName>SUMATIVA 3</ownerDesignName>
<shouldEngineer>false</shouldEngineer>
<engineerTo>
<item key="424E7384-A397-2D41-E1AF-E1DF86A91689" value="false"/>
</engineerTo>
<pk>true</pk>
<usedAttributes>
<attributeRef>1A7167B9-3550-F6FB-C742-09A19BD10D7D</attributeRef>
<attributeRef>9D468CD3-2607-B729-D4CF-641963854AE9</attributeRef>
</usedAttributes>
</identifier>
</identifiers>
</Entity>