<?xml version = '1.0' encoding = 'UTF-8'?>
<Entity class="oracle.dbtools.crest.model.design.logical.Entity" directorySegmentName="seg_0" id="F35252AC-09D8-3FD6-114D-655470492B0E" name="PERSONAL">
<createdBy>lilianatapia</createdBy>
<createdTime>2024-09-29 15:12:00 UTC</createdTime>
<ownerDesignName>SUMATIVA 3</ownerDesignName>
<engineerTo>
<item key="424E7384-A397-2D41-E1AF-E1DF86A91689" value="true"/>
</engineerTo>
<adequatelyNormalized>NO</adequatelyNormalized>
<expectedVolumes>0</expectedVolumes>
<fwdEngineeringStrategyName>Single Table</fwdEngineeringStrategyName>
<growthPercent>0</growthPercent>
<growthType>Year</growthType>
<maxVolumes>9999999</maxVolumes>
<minVolumes>0</minVolumes>
<normalForm>Third</normalForm>
<attributes itemClass="oracle.dbtools.crest.model.design.logical.Attribute">
<Attribute name="id_personal" id="E05C2AD0-DF77-FD2A-800D-8786A5E540CE">
<createdBy>lilianatapia</createdBy>
<createdTime>2024-09-29 15:12:11 UTC</createdTime>
<ownerDesignName>SUMATIVA 3</ownerDesignName>
<engineerTo>
<item key="424E7384-A397-2D41-E1AF-E1DF86A91689" value="true"/>
</engineerTo>
<useDomainConstraints>false</useDomainConstraints>
<use>1</use>
<logicalDatatype>LOGDT011</logicalDatatype>
<ownDataTypeParameters>,,</ownDataTypeParameters>
</Attribute>
<Attribute name="nombre" id="5CF51BDB-B702-5B1E-B4F2-516699E72B06">
<createdBy>lilianatapia</createdBy>
<createdTime>2024-09-29 15:12:33 UTC</createdTime>
<ownerDesignName>SUMATIVA 3</ownerDesignName>
<engineerTo>
<item key="424E7384-A397-2D41-E1AF-E1DF86A91689" value="true"/>
</engineerTo>
<useDomainConstraints>false</useDomainConstraints>
<use>1</use>
<logicalDatatype>LOGDT024</logicalDatatype>
<dataTypeSize>50 BYTE</dataTypeSize>
<ownDataTypeParameters>50 BYTE,,</ownDataTypeParameters>
</Attribute>
<Attribute name="apellido" id="3034A3E8-63B4-10C1-EFC2-64A87A386081">
<createdBy>lilianatapia</createdBy>
<createdTime>2024-09-29 15:12:59 UTC</createdTime>
<ownerDesignName>SUMATIVA 3</ownerDesignName>
<engineerTo>
<item key="424E7384-A397-2D41-E1AF-E1DF86A91689" value="true"/>
</engineerTo>
<useDomainConstraints>false</useDomainConstraints>
<use>1</use>
<logicalDatatype>LOGDT024</logicalDatatype>
<dataTypeSize>50 BYTE</dataTypeSize>
<ownDataTypeParameters>50 BYTE,,</ownDataTypeParameters>
</Attribute>
<Attribute name="nacionalidad" id="0038847D-5865-C193-A5E2-09FF51DB92D7">
<createdBy>lilianatapia</createdBy>
<createdTime>2024-09-29 15:13:40 UTC</createdTime>
<ownerDesignName>SUMATIVA 3</ownerDesignName>
<engineerTo>
<item key="424E7384-A397-2D41-E1AF-E1DF86A91689" value="true"/>
</engineerTo>
<useDomainConstraints>false</useDomainConstraints>
<use>1</use>
<logicalDatatype>LOGDT024</logicalDatatype>
<dataTypeSize>30 BYTE</dataTypeSize>
<ownDataTypeParameters>30 BYTE,,</ownDataTypeParameters>
</Attribute>
<Attribute name="telefono" id="51F3845A-BFD9-0557-CC9D-E2FBB141577C">
<createdBy>lilianatapia</createdBy>
<createdTime>2024-09-29 15:13:58 UTC</createdTime>
<ownerDesignName>SUMATIVA 3</ownerDesignName>
<engineerTo>
<item key="424E7384-A397-2D41-E1AF-E1DF86A91689" value="true"/>
</engineerTo>
<useDomainConstraints>false</useDomainConstraints>
<use>1</use>
<logicalDatatype>LOGDT024</logicalDatatype>
<dataTypeSize>15 BYTE</dataTypeSize>
<ownDataTypeParameters>15 BYTE,,</ownDataTypeParameters>
</Attribute>
<Attribute name="email" id="1D3A6B8C-6853-9D9F-6A0A-FCCC7DE2F8F5">
<createdBy>lilianatapia</createdBy>
<createdTime>2024-09-29 15:14:09 UTC</createdTime>
<ownerDesignName>SUMATIVA 3</ownerDesignName>
<engineerTo>
<item key="424E7384-A397-2D41-E1AF-E1DF86A91689" value="true"/>
</engineerTo>
<useDomainConstraints>false</useDomainConstraints>
<use>1</use>
<logicalDatatype>LOGDT024</logicalDatatype>
<dataTypeSize>50 BYTE</dataTypeSize>
<ownDataTypeParameters>50 BYTE,,</ownDataTypeParameters>
</Attribute>
<Attribute name="tipo_personal" id="4AB732A0-D055-8DE3-1273-A99562AB6F22">
<createdBy>lilianatapia</createdBy>
<createdTime>2024-09-30 20:39:02 UTC</createdTime>
<ownerDesignName>SUMATIVA 3</ownerDesignName>
<engineerTo>
<item key="424E7384-A397-2D41-E1AF-E1DF86A91689" value="true"/>
</engineerTo>
<useDomainConstraints>false</useDomainConstraints>
<use>1</use>
<logicalDatatype>LOGDT024</logicalDatatype>
<dataTypeSize>30 BYTE</dataTypeSize>
<ownDataTypeParameters>30 BYTE,,</ownDataTypeParameters>
</Attribute>
<Attribute name="id_escuela" id="3247B46E-48B0-14DA-48E9-EEEAF21346E1">
<createdBy>lilianatapia</createdBy>
<createdTime>2024-09-29 15:24:12 UTC</createdTime>
<generatorID>9C5A599F-298B-92AA-037F-532233E821A3</generatorID>
<ownerDesignName>SUMATIVA 3</ownerDesignName>
<engineerTo>
<item key="424E7384-A397-2D41-E1AF-E1DF86A91689" value="true"/>
</engineerTo>
<referedAttribute>A1F1F071-272D-3491-0499-2B7A0BA341A7</referedAttribute>
<useDomainConstraints>false</useDomainConstraints>
<use>1</use>
<logicalDatatype>LOGDT011</logicalDatatype>
<ownDataTypeParameters>,,</ownDataTypeParameters>
</Attribute>
</attributes>
<identifiers itemClass="oracle.dbtools.crest.model.design.logical.CandidateKey">
<identifier id="8F33776B-4E16-81C4-8469-B38618EF5950" name="PERSONAL PK">
<createdBy>lilianatapia</createdBy>
<createdTime>2024-09-29 15:12:31 UTC</createdTime>
<ownerDesignName>SUMATIVA 3</ownerDesignName>
<shouldEngineer>false</shouldEngineer>
<engineerTo>
<item key="424E7384-A397-2D41-E1AF-E1DF86A91689" value="false"/>
</engineerTo>
<pk>true</pk>
<usedAttributes>
<attributeRef>E05C2AD0-DF77-FD2A-800D-8786A5E540CE</attributeRef>
<attributeRef>3247B46E-48B0-14DA-48E9-EEEAF21346E1</attributeRef>
</usedAttributes>
</identifier>
</identifiers>
</Entity>