<?xml version = '1.0' encoding = 'UTF-8'?>
<Diagram class="oracle.dbtools.crest.swingui.relational.DPVRelational" name="Relational_1" id="973BE96D-7169-C0BB-577C-829CA4DF0742">
<createdBy>lilianatapia</createdBy>
<modifiedBy>lilianatapia</modifiedBy>
<createdTime>2024-09-30 20:34:10 UTC</createdTime>
<autoRoute>false</autoRoute>
<boxInbox>true</boxInbox>
<showLegend>false</showLegend>
<showLabels>false</showLabels>
<showRelAttributes>false</showRelAttributes>
<gridEnabled>false</gridEnabled>
<showGrid>false</showGrid>
<diagramColor>-1</diagramColor>
<display>false</display>
<notation>1</notation>
<objectViews>
<OView class="oracle.dbtools.crest.swingui.relational.TVTable" oid="14FA8398-9B14-CD5F-A201-FE17D99B3672" otype="Table" vid="CF0B18C0-C949-B4DC-B9AD-E1C157BB377E">
<hideElementsInCurrentOnly>false</hideElementsInCurrentOnly>
<bounds x="912" y="85" width="244" height="168"/>
</OView>
<OView class="oracle.dbtools.crest.swingui.relational.TVTable" oid="34040F2D-4374-B706-7920-7CEFA40D5F51" otype="Table" vid="C93CB2DF-88F2-C0F9-1D33-25F303B0EDF7">
<hideElementsInCurrentOnly>false</hideElementsInCurrentOnly>
<bounds x="628" y="487" width="396" height="145"/>
</OView>
<OView class="oracle.dbtools.crest.swingui.relational.TVTable" oid="57AEB6F7-8B64-A1C8-67AB-B361ACF6E062" otype="Table" vid="5FCED5C9-CB08-44B9-C605-06A55376525F">
<hideElementsInCurrentOnly>false</hideElementsInCurrentOnly>
<bounds x="405" y="209" width="304" height="142"/>
</OView>
<OView class="oracle.dbtools.crest.swingui.relational.TVTable" oid="7BDB6C10-E8D9-D91B-554C-E6AB58D0DCB1" otype="Table" vid="E4A891C1-63E1-7F5E-456C-45A536EB1089">
<hideElementsInCurrentOnly>false</hideElementsInCurrentOnly>
<bounds x="1224" y="43" width="567" height="213"/>
</OView>
<OView class="oracle.dbtools.crest.swingui.relational.TVTable" oid="A829ED68-ACFE-04C6-37BB-991FED970F19" otype="Table" vid="9160F6B6-74FB-A37F-4812-A6E75E38B2C3">
<hideElementsInCurrentOnly>false</hideElementsInCurrentOnly>
<bounds x="414" y="49" width="300" height="140"/>
</OView>
<OView class="oracle.dbtools.crest.swingui.relational.TVTable" oid="C73409A6-C702-ED71-B1D1-39919A534094" otype="Table" vid="17AF535A-3AD5-4722-C323-DC2206CC68C7">
<hideElementsInCurrentOnly>false</hideElementsInCurrentOnly>
<bounds x="76" y="209" width="286" height="141"/>
</OView>
<OView class="oracle.dbtools.crest.swingui.relational.TVTable" oid="CBECA0B0-3A2B-476B-048D-DCFD61826282" otype="Table" vid="36024CC4-F135-CD35-C17E-568D79749614">
<hideElementsInCurrentOnly>false</hideElementsInCurrentOnly>
<bounds x="18" y="11" width="755" height="367"/>
</OView>
<OView class="oracle.dbtools.crest.swingui.relational.TVTable" oid="DB9BBBDE-5E9A-E181-C7EF-B92EAE4A835C" otype="Table" vid="03823BC6-0D41-04E9-8EF8-9CBADC76534D">
<hideElementsInCurrentOnly>false</hideElementsInCurrentOnly>
<bounds x="1124" y="475" width="431" height="162"/>
</OView>
</objectViews>
<connectors>
<Connector class="oracle.dbtools.crest.swingui.relational.TVFKRelation" oid="1C89E1FF-46B2-F507-754F-2657527BA590" otype="FKIndexAssociation" vid_source="03823BC6-0D41-04E9-8EF8-9CBADC76534D" vid_target="E4A891C1-63E1-7F5E-456C-45A536EB1089">
<hideElementsInCurrentOnly>false</hideElementsInCurrentOnly>
<backgroundColor>-16777216</backgroundColor>
<lineWidth>1</lineWidth>
<points>
<point x="1389" y="475"/>
<point x="1389" y="256"/>
</points>
</Connector>
<Connector class="oracle.dbtools.crest.swingui.relational.TVFKRelation" oid="45A78124-303C-B836-F840-B57B28960320" otype="FKIndexAssociation" vid_source="CF0B18C0-C949-B4DC-B9AD-E1C157BB377E" vid_target="E4A891C1-63E1-7F5E-456C-45A536EB1089">
<hideElementsInCurrentOnly>false</hideElementsInCurrentOnly>
<backgroundColor>-16777216</backgroundColor>
<lineWidth>1</lineWidth>
<points>
<point x="1156" y="169"/>
<point x="1224" y="169"/>
</points>
</Connector>
<Connector class="oracle.dbtools.crest.swingui.relational.TVFKRelation" oid="4A7DD899-A8E6-6DA3-2A84-6EE964CC8C83" otype="FKIndexAssociation" vid_source="CF0B18C0-C949-B4DC-B9AD-E1C157BB377E" vid_target="C93CB2DF-88F2-C0F9-1D33-25F303B0EDF7">
<hideElementsInCurrentOnly>false</hideElementsInCurrentOnly>
<backgroundColor>-16777216</backgroundColor>
<lineWidth>1</lineWidth>
<points>
<point x="968" y="253"/>
<point x="968" y="487"/>
</points>
</Connector>
<Connector class="oracle.dbtools.crest.swingui.relational.TVFKRelation" oid="4C0373AC-1FC6-B307-8B6C-21A716105CE1" otype="FKIndexAssociation" vid_source="36024CC4-F135-CD35-C17E-568D79749614" vid_target="5FCED5C9-CB08-44B9-C605-06A55376525F">
<hideElementsInCurrentOnly>false</hideElementsInCurrentOnly>
<backgroundColor>-16777216</backgroundColor>
<lineWidth>1</lineWidth>
<points>
<point x="773" y="280"/>
<point x="405" y="280"/>
</points>
</Connector>
<Connector class="oracle.dbtools.crest.swingui.relational.TVFKRelation" oid="765C92CD-4B8A-AF56-4A8D-7DED59E72F51" otype="FKIndexAssociation" vid_source="36024CC4-F135-CD35-C17E-568D79749614" vid_target="9160F6B6-74FB-A37F-4812-A6E75E38B2C3">
<hideElementsInCurrentOnly>false</hideElementsInCurrentOnly>
<backgroundColor>-16777216</backgroundColor>
<lineWidth>1</lineWidth>
<points>
<point x="773" y="119"/>
<point x="414" y="119"/>
</points>
</Connector>
<Connector class="oracle.dbtools.crest.swingui.relational.TVFKRelation" oid="9FB9A5DD-CB37-E918-5C12-2AE5BC13DFE5" otype="FKIndexAssociation" vid_source="36024CC4-F135-CD35-C17E-568D79749614" vid_target="17AF535A-3AD5-4722-C323-DC2206CC68C7">
<hideElementsInCurrentOnly>false</hideElementsInCurrentOnly>
<backgroundColor>-16777216</backgroundColor>
<lineWidth>1</lineWidth>
<points>
<point x="773" y="294"/>
<point x="76" y="294"/>
</points>
</Connector>
<Connector class="oracle.dbtools.crest.swingui.relational.TVFKRelation" oid="C7D10351-A4C9-163D-2B6B-217B9367921E" otype="FKIndexAssociation" vid_source="CF0B18C0-C949-B4DC-B9AD-E1C157BB377E" vid_target="36024CC4-F135-CD35-C17E-568D79749614">
<hideElementsInCurrentOnly>false</hideElementsInCurrentOnly>
<backgroundColor>-16777216</backgroundColor>
<lineWidth>1</lineWidth>
<points>
<point x="912" y="169"/>
<point x="773" y="169"/>
</points>
</Connector>
<Connector class="oracle.dbtools.crest.swingui.relational.TVFKRelation" oid="E9679B1B-2611-1874-158A-CC34316D651F" otype="FKIndexAssociation" vid_source="CF0B18C0-C949-B4DC-B9AD-E1C157BB377E" vid_target="03823BC6-0D41-04E9-8EF8-9CBADC76534D">
<hideElementsInCurrentOnly>false</hideElementsInCurrentOnly>
<backgroundColor>-16777216</backgroundColor>
<lineWidth>1</lineWidth>
<points>
<point x="1140" y="253"/>
<point x="1140" y="475"/>
</points>
</Connector>
</connectors>
<arcs>
<Arc class="oracle.dbtools.crest.swingui.relational.TVFKArc" oid="EB6FF4ED-114B-CE9A-537E-8B4BDCF693C2" otype="FKArc" vid="F7747715-3B02-65BA-261D-3C6958BE7627">
<hideElementsInCurrentOnly>false</hideElementsInCurrentOnly>
<bounds x="-2" y="-9" width="795" height="407"/>
</Arc>
</arcs>
</Diagram>