<?xml version = '1.0' encoding = 'UTF-8'?>
<relationalModel class="oracle.dbtools.crest.model.design.relational.RelationalDesign" name="Relational_1" id="424E7384-A397-2D41-E1AF-E1DF86A91689" mainViewID="973BE96D-7169-C0BB-577C-829CA4DF0742">
<createdBy>lilianatapia</createdBy>
<createdTime>2024-09-30 20:34:10 UTC</createdTime>
<ownerDesignName>SUMATIVA 3</ownerDesignName>
<shouldBeOpen>false</shouldBeOpen>
<selectedRDBMSSite>32076570-2523-435C-2E92-BF29817DFF70</selectedRDBMSSite>
</relationalModel>