<?xml version = '1.0' encoding = 'UTF-8'?>
<FKIndexAssociation class="oracle.dbtools.crest.model.design.relational.FKIndexAssociation" directorySegmentName="seg_0" id="1C89E1FF-46B2-F507-754F-2657527BA590" containerWithKeyObject="7BDB6C10-E8D9-D91B-554C-E6AB58D0DCB1" localFKIndex="6C865D5A-D3F7-DE9A-E266-8159A227CA8C" name="COSTO_OPERACIONAL_SOLICITUD_FINANCIAMIENTO_FK">
<createdBy>lilianatapia</createdBy>
<createdTime>2024-09-30 20:34:15 UTC</createdTime>
<generatorID>0FFADA9B-A712-9220-CA4E-0571780F6E6E</generatorID>
<ownerDesignName>SUMATIVA 3</ownerDesignName>
<referredTableLongName>SOLICITUD_FINANCIAMIENTO</referredTableLongName>
<deleteRule>NO ACTION</deleteRule>
<referredTableID>DB9BBBDE-5E9A-E181-C7EF-B92EAE4A835C</referredTableID>
<keyObject>8AFDB2BE-C759-51A7-896B-7743C7D8C9AD</keyObject>
<referredKeyID>8AFDB2BE-C759-51A7-896B-7743C7D8C9AD</referredKeyID>
<mandatory>true</mandatory>
<refColNames>id_solicitud,ESC_DEPORT_id_esc</refColNames>
<transferable>true</transferable>
<rely>false</rely>
<columnDependencyConstraintGenerateInDDL>true</columnDependencyConstraintGenerateInDDL>
</FKIndexAssociation>