<?xml version = '1.0' encoding = 'UTF-8'?>
<FKIndexAssociation class="oracle.dbtools.crest.model.design.relational.FKIndexAssociation" directorySegmentName="seg_0" id="45A78124-303C-B836-F840-B57B28960320" containerWithKeyObject="7BDB6C10-E8D9-D91B-554C-E6AB58D0DCB1" localFKIndex="48A2AB74-DA7A-00C6-ABB9-55006210265A" name="COSTO_OPERACIONAL_ESCUELA_DEPORTIVA_FK">
<createdBy>lilianatapia</createdBy>
<createdTime>2024-09-30 20:34:15 UTC</createdTime>
<generatorID>E6A8D38B-2A86-3588-48D2-95811F9F013A</generatorID>
<ownerDesignName>SUMATIVA 3</ownerDesignName>
<referredTableLongName>ESCUELA_DEPORTIVA</referredTableLongName>
<deleteRule>NO ACTION</deleteRule>
<referredTableID>14FA8398-9B14-CD5F-A201-FE17D99B3672</referredTableID>
<keyObject>2F36793B-0337-48B8-4E5E-6BE042F68707</keyObject>
<referredKeyID>2F36793B-0337-48B8-4E5E-6BE042F68707</referredKeyID>
<mandatory>true</mandatory>
<refColNames>id_escuela</refColNames>
<transferable>true</transferable>
<rely>false</rely>
<columnDependencyConstraintGenerateInDDL>true</columnDependencyConstraintGenerateInDDL>
</FKIndexAssociation>