<?xml version = '1.0' encoding = 'UTF-8'?>
<FKIndexAssociation class="oracle.dbtools.crest.model.design.relational.FKIndexAssociation" directorySegmentName="seg_0" id="4A7DD899-A8E6-6DA3-2A84-6EE964CC8C83" containerWithKeyObject="34040F2D-4374-B706-7920-7CEFA40D5F51" localFKIndex="12B9DD62-6C4D-3458-2BD8-184C20629131" name="INSTALACION_DEPORTIVA_ESCUELA_DEPORTIVA_FK">
<createdBy>lilianatapia</createdBy>
<createdTime>2024-09-30 20:34:15 UTC</createdTime>
<generatorID>7850EC55-A68E-A36B-EE6E-A5B5DF2F1828</generatorID>
<ownerDesignName>SUMATIVA 3</ownerDesignName>
<referredTableLongName>ESCUELA_DEPORTIVA</referredTableLongName>
<deleteRule>NO ACTION</deleteRule>
<referredTableID>14FA8398-9B14-CD5F-A201-FE17D99B3672</referredTableID>
<keyObject>2F36793B-0337-48B8-4E5E-6BE042F68707</keyObject>
<referredKeyID>2F36793B-0337-48B8-4E5E-6BE042F68707</referredKeyID>
<mandatory>true</mandatory>
<refColNames>id_escuela</refColNames>
<transferable>true</transferable>
<rely>false</rely>
<columnDependencyConstraintGenerateInDDL>true</columnDependencyConstraintGenerateInDDL>
</FKIndexAssociation>