<?xml version = '1.0' encoding = 'UTF-8'?>
<FKIndexAssociation class="oracle.dbtools.crest.model.design.relational.FKIndexAssociation" directorySegmentName="seg_0" id="4C0373AC-1FC6-B307-8B6C-21A716105CE1" containerWithKeyObject="57AEB6F7-8B64-A1C8-67AB-B361ACF6E062" localFKIndex="161AA64E-1DDB-CB9F-E6E2-F73C2DED4DEB" name="ADMINISTRADOR_PERSONAL_FK">
<createdBy>lilianatapia</createdBy>
<createdTime>2024-09-30 20:34:15 UTC</createdTime>
<generatorID>EBD3EEE3-16DF-9CDE-0F01-BBC3D111A2F8</generatorID>
<ownerDesignName>SUMATIVA 3</ownerDesignName>
<referredTableLongName>PERSONAL</referredTableLongName>
<arc>EB6FF4ED-114B-CE9A-537E-8B4BDCF693C2</arc>
<deleteRule>NO ACTION</deleteRule>
<referredTableID>CBECA0B0-3A2B-476B-048D-DCFD61826282</referredTableID>
<keyObject>87262728-7C1E-CA15-1557-F026E7B46EAB</keyObject>
<referredKeyID>87262728-7C1E-CA15-1557-F026E7B46EAB</referredKeyID>
<mandatory>true</mandatory>
<refColNames>id_personal,ESC_DEPORT_id_esc</refColNames>
<transferable>true</transferable>
<rely>false</rely>
<columnDependencyConstraintGenerateInDDL>true</columnDependencyConstraintGenerateInDDL>
</FKIndexAssociation>