<?xml version = '1.0' encoding = 'UTF-8'?>
<FKIndexAssociation class="oracle.dbtools.crest.model.design.relational.FKIndexAssociation" directorySegmentName="seg_0" id="765C92CD-4B8A-AF56-4A8D-7DED59E72F51" containerWithKeyObject="A829ED68-ACFE-04C6-37BB-991FED970F19" localFKIndex="8045E25C-D59E-C4D2-B781-2080210FB523" name="ASISTENTE_PERSONAL_FK">
<createdBy>lilianatapia</createdBy>
<createdTime>2024-09-30 20:34:15 UTC</createdTime>
<generatorID>9CB06E99-1420-182B-D07A-14F4FCAE041D</generatorID>
<ownerDesignName>SUMATIVA 3</ownerDesignName>
<referredTableLongName>PERSONAL</referredTableLongName>
<arc>EB6FF4ED-114B-CE9A-537E-8B4BDCF693C2</arc>
<deleteRule>NO ACTION</deleteRule>
<referredTableID>CBECA0B0-3A2B-476B-048D-DCFD61826282</referredTableID>
<keyObject>87262728-7C1E-CA15-1557-F026E7B46EAB</keyObject>
<referredKeyID>87262728-7C1E-CA15-1557-F026E7B46EAB</referredKeyID>
<mandatory>true</mandatory>
<refColNames>id_personal,ESC_DEPORT_id_esc</refColNames>
<transferable>true</transferable>
<rely>false</rely>
<columnDependencyConstraintGenerateInDDL>true</columnDependencyConstraintGenerateInDDL>
</FKIndexAssociation>