<?xml version = '1.0' encoding = 'UTF-8'?>
<FKIndexAssociation class="oracle.dbtools.crest.model.design.relational.FKIndexAssociation" directorySegmentName="seg_0" id="9FB9A5DD-CB37-E918-5C12-2AE5BC13DFE5" containerWithKeyObject="C73409A6-C702-ED71-B1D1-39919A534094" localFKIndex="8C60FA34-0D26-0D46-8CCB-7BD1721F213A" name="ENTRENADOR_PERSONAL_FK">
<createdBy>lilianatapia</createdBy>
<createdTime>2024-09-30 20:34:15 UTC</createdTime>
<generatorID>CB54CAD3-A79E-16A4-8CA0-0939A36C420F</generatorID>
<ownerDesignName>SUMATIVA 3</ownerDesignName>
<referredTableLongName>PERSONAL</referredTableLongName>
<arc>EB6FF4ED-114B-CE9A-537E-8B4BDCF693C2</arc>
<deleteRule>NO ACTION</deleteRule>
<referredTableID>CBECA0B0-3A2B-476B-048D-DCFD61826282</referredTableID>
<keyObject>87262728-7C1E-CA15-1557-F026E7B46EAB</keyObject>
<referredKeyID>87262728-7C1E-CA15-1557-F026E7B46EAB</referredKeyID>
<mandatory>true</mandatory>
<refColNames>id_personal,ESC_DEPORT_id_esc</refColNames>
<transferable>true</transferable>
<rely>false</rely>
<columnDependencyConstraintGenerateInDDL>true</columnDependencyConstraintGenerateInDDL>
</FKIndexAssociation>