<?xml version = '1.0' encoding = 'UTF-8'?>
<FKIndexAssociation class="oracle.dbtools.crest.model.design.relational.FKIndexAssociation" directorySegmentName="seg_0" id="C7D10351-A4C9-163D-2B6B-217B9367921E" containerWithKeyObject="CBECA0B0-3A2B-476B-048D-DCFD61826282" localFKIndex="9D7D5298-F258-6A9D-2122-783E83B9E028" name="PERSONAL_ESCUELA_DEPORTIVA_FK">
<createdBy>lilianatapia</createdBy>
<createdTime>2024-09-30 20:34:15 UTC</createdTime>
<generatorID>9C5A599F-298B-92AA-037F-532233E821A3</generatorID>
<ownerDesignName>SUMATIVA 3</ownerDesignName>
<referredTableLongName>ESCUELA_DEPORTIVA</referredTableLongName>
<deleteRule>NO ACTION</deleteRule>
<referredTableID>14FA8398-9B14-CD5F-A201-FE17D99B3672</referredTableID>
<keyObject>2F36793B-0337-48B8-4E5E-6BE042F68707</keyObject>
<referredKeyID>2F36793B-0337-48B8-4E5E-6BE042F68707</referredKeyID>
<mandatory>true</mandatory>
<refColNames>id_escuela</refColNames>
<transferable>true</transferable>
<rely>false</rely>
<columnDependencyConstraintGenerateInDDL>true</columnDependencyConstraintGenerateInDDL>
</FKIndexAssociation>