<?xml version = '1.0' encoding = 'UTF-8'?>
<FKIndexAssociation class="oracle.dbtools.crest.model.design.relational.FKIndexAssociation" directorySegmentName="seg_0" id="E9679B1B-2611-1874-158A-CC34316D651F" containerWithKeyObject="DB9BBBDE-5E9A-E181-C7EF-B92EAE4A835C" localFKIndex="F55204CB-4497-3E4B-F570-358CBC9E31C9" name="SOLICITUD_FINANCIAMIENTO_ESCUELA_DEPORTIVA_FK">
<createdBy>lilianatapia</createdBy>
<createdTime>2024-09-30 20:34:15 UTC</createdTime>
<generatorID>FE4F335B-F84A-6CD3-F2E9-FC2C808BEDF3</generatorID>
<ownerDesignName>SUMATIVA 3</ownerDesignName>
<referredTableLongName>ESCUELA_DEPORTIVA</referredTableLongName>
<deleteRule>NO ACTION</deleteRule>
<referredTableID>14FA8398-9B14-CD5F-A201-FE17D99B3672</referredTableID>
<keyObject>2F36793B-0337-48B8-4E5E-6BE042F68707</keyObject>
<referredKeyID>2F36793B-0337-48B8-4E5E-6BE042F68707</referredKeyID>
<mandatory>true</mandatory>
<refColNames>id_escuela</refColNames>
<transferable>true</transferable>
<rely>false</rely>
<columnDependencyConstraintGenerateInDDL>true</columnDependencyConstraintGenerateInDDL>
</FKIndexAssociation>