<?xml version = '1.0' encoding = 'UTF-8'?>
<FKArc class="oracle.dbtools.crest.model.design.relational.FKArc" directorySegmentName="seg_0" id="EB6FF4ED-114B-CE9A-537E-8B4BDCF693C2" name="FKArc_1">
<createdBy>lilianatapia</createdBy>
<createdTime>2024-09-30 20:34:15 UTC</createdTime>
<ownerDesignName>SUMATIVA 3</ownerDesignName>
<mandatory>false</mandatory>
<reverseArc>true</reverseArc>
<table>CBECA0B0-3A2B-476B-048D-DCFD61826282</table>
<fkeys>
<fkeyID>9FB9A5DD-CB37-E918-5C12-2AE5BC13DFE5</fkeyID>
<fkeyID>4C0373AC-1FC6-B307-8B6C-21A716105CE1</fkeyID>
<fkeyID>765C92CD-4B8A-AF56-4A8D-7DED59E72F51</fkeyID>
</fkeys>
</FKArc>