<?xml version = '1.0' encoding = 'UTF-8'?>
<Relation class="oracle.dbtools.crest.model.design.logical.InheritanceRelation" name="Hierarchy_9" directorySegmentName="seg_0" id="9CB06E99-1420-182B-D07A-14F4FCAE041D">
<createdBy>lilianatapia</createdBy>
<createdTime>2024-09-29 16:54:45 UTC</createdTime>
<ownerDesignName>SUMATIVA 3</ownerDesignName>
<engineerTo>
<item key="0F0BE0B3-DF90-4054-3646-59C79A22F0DB" value="true"/>
</engineerTo>
<identifying>false</identifying>
<nameOnSource>Super Type</nameOnSource>
<nameOnTarget>Sub Type</nameOnTarget>
<optionalSource>true</optionalSource>
<optionalTarget>true</optionalTarget>
<sourceEntity>F35252AC-09D8-3FD6-114D-655470492B0E</sourceEntity>
<targetEntity>94103922-7363-AA3C-16BC-A4E7B1775BCC</targetEntity>
<transferable>true</transferable>
<deleteRule>NO ACTION</deleteRule>
</Relation>