<?xml version = '1.0' encoding = 'UTF-8'?>
<Relation class="oracle.dbtools.crest.model.design.logical.InheritanceRelation" name="Hierarchy_8" directorySegmentName="seg_0" id="EBD3EEE3-16DF-9CDE-0F01-BBC3D111A2F8">
<createdBy>lilianatapia</createdBy>
<createdTime>2024-09-29 16:53:09 UTC</createdTime>
<ownerDesignName>SUMATIVA 3</ownerDesignName>
<engineerTo>
<item key="0F0BE0B3-DF90-4054-3646-59C79A22F0DB" value="true"/>
</engineerTo>
<identifying>false</identifying>
<nameOnSource>Super Type</nameOnSource>
<nameOnTarget>Sub Type</nameOnTarget>
<optionalSource>true</optionalSource>
<optionalTarget>true</optionalTarget>
<sourceEntity>F35252AC-09D8-3FD6-114D-655470492B0E</sourceEntity>
<targetEntity>12B49CD0-6865-D4B9-F3D4-D07771E331AC</targetEntity>
<transferable>true</transferable>
<deleteRule>NO ACTION</deleteRule>
</Relation>