<?xml version = '1.0' encoding = 'UTF-8'?>
<Relation class="oracle.dbtools.crest.model.design.logical.Relation" name="Relation_6" directorySegmentName="seg_0" id="0FFADA9B-A712-9220-CA4E-0571780F6E6E">
<createdBy>lilianatapia</createdBy>
<createdTime>2024-09-29 15:57:48 UTC</createdTime>
<ownerDesignName>SUMATIVA 3</ownerDesignName>
<engineerTo>
<item key="0F0BE0B3-DF90-4054-3646-59C79A22F0DB" value="true"/>
</engineerTo>
<sourcePk>54750CC9-31AD-2EC7-2FE5-20FB7F32EDDF</sourcePk>
<identifying>false</identifying>
<optionalSource>true</optionalSource>
<optionalTarget>false</optionalTarget>
<sourceCardinality>1</sourceCardinality>
<sourceEntity>262397A8-8EAD-8371-E88E-040DAAC9F047</sourceEntity>
<targetCardinalityString>*</targetCardinalityString>
<targetEntity>2C83A1CC-D350-AE90-741F-78B098A3950F</targetEntity>
<transferable>true</transferable>
<deleteRule>NO ACTION</deleteRule>
</Relation>