<?xml version = '1.0' encoding = 'UTF-8'?>
<Relation class="oracle.dbtools.crest.model.design.logical.Relation" name="Relation_3" directorySegmentName="seg_0" id="7850EC55-A68E-A36B-EE6E-A5B5DF2F1828">
<createdBy>lilianatapia</createdBy>
<createdTime>2024-09-29 15:25:26 UTC</createdTime>
<ownerDesignName>SUMATIVA 3</ownerDesignName>
<engineerTo>
<item key="0F0BE0B3-DF90-4054-3646-59C79A22F0DB" value="true"/>
</engineerTo>
<sourcePk>E93AAA9A-D757-BABF-21B0-57C967C18AA0</sourcePk>
<identifying>true</identifying>
<optionalSource>false</optionalSource>
<optionalTarget>false</optionalTarget>
<sourceCardinality>1</sourceCardinality>
<sourceEntity>960C03FC-281F-88CF-362F-9B3B0B6119E1</sourceEntity>
<targetCardinalityString>*</targetCardinalityString>
<targetEntity>F0FD57DD-8728-84A1-6B42-228C546F6D51</targetEntity>
<transferable>true</transferable>
<deleteRule>NO ACTION</deleteRule>
</Relation>