<?xml version = '1.0' encoding = 'UTF-8'?>
<Relation class="oracle.dbtools.crest.model.design.logical.Relation" name="Relation_1" directorySegmentName="seg_0" id="9C5A599F-298B-92AA-037F-532233E821A3">
<createdBy>lilianatapia</createdBy>
<createdTime>2024-09-29 15:24:12 UTC</createdTime>
<ownerDesignName>SUMATIVA 3</ownerDesignName>
<engineerTo>
<item key="0F0BE0B3-DF90-4054-3646-59C79A22F0DB" value="true"/>
</engineerTo>
<sourcePk>E93AAA9A-D757-BABF-21B0-57C967C18AA0</sourcePk>
<identifying>true</identifying>
<optionalSource>false</optionalSource>
<optionalTarget>false</optionalTarget>
<sourceCardinality>1</sourceCardinality>
<sourceEntity>960C03FC-281F-88CF-362F-9B3B0B6119E1</sourceEntity>
<targetCardinalityString>*</targetCardinalityString>
<targetEntity>F35252AC-09D8-3FD6-114D-655470492B0E</targetEntity>
<transferable>true</transferable>
<deleteRule>NO ACTION</deleteRule>
</Relation>