<?xml version = '1.0' encoding = 'UTF-8'?>
<Relation class="oracle.dbtools.crest.model.design.logical.Relation" name="Relation_4" directorySegmentName="seg_0" id="FE4F335B-F84A-6CD3-F2E9-FC2C808BEDF3">
<createdBy>lilianatapia</createdBy>
<createdTime>2024-09-29 15:25:51 UTC</createdTime>
<ownerDesignName>SUMATIVA 3</ownerDesignName>
<engineerTo>
<item key="0F0BE0B3-DF90-4054-3646-59C79A22F0DB" value="true"/>
</engineerTo>
<sourcePk>E93AAA9A-D757-BABF-21B0-57C967C18AA0</sourcePk>
<identifying>true</identifying>
<optionalSource>false</optionalSource>
<optionalTarget>false</optionalTarget>
<sourceCardinality>1</sourceCardinality>
<sourceEntity>960C03FC-281F-88CF-362F-9B3B0B6119E1</sourceEntity>
<targetCardinalityString>*</targetCardinalityString>
<targetEntity>262397A8-8EAD-8371-E88E-040DAAC9F047</targetEntity>
<transferable>true</transferable>
<deleteRule>NO ACTION</deleteRule>
</Relation>