<?xml version = '1.0' encoding = 'UTF-8'?>
<Diagram class="oracle.dbtools.crest.swingui.logical.DPVLogical" name="Logical" id="28C6B404-AF6E-AC40-5E1B-C65B95F45CD4">
<createdBy>lilianatapia</createdBy>
<modifiedBy>lilianatapia</modifiedBy>
<createdTime>2024-09-29 15:05:54 UTC</createdTime>
<autoRoute>false</autoRoute>
<boxInbox>true</boxInbox>
<showLegend>false</showLegend>
<showLabels>false</showLabels>
<showRelAttributes>false</showRelAttributes>
<gridEnabled>false</gridEnabled>
<showGrid>false</showGrid>
<diagramColor>-1</diagramColor>
<display>false</display>
<notation>1</notation>
<objectViews>
<OView class="oracle.dbtools.crest.swingui.logical.TVEntity" oid="12B49CD0-6865-D4B9-F3D4-D07771E331AC" otype="Entity" vid="E0C1FBB0-7F77-924E-45D5-46B66407D8E8">
<hideElementsInCurrentOnly>false</hideElementsInCurrentOnly>
<bounds x="288" y="183" width="191" height="71"/>
</OView>
<OView class="oracle.dbtools.crest.swingui.logical.TVEntity" oid="262397A8-8EAD-8371-E88E-040DAAC9F047" otype="Entity" vid="56F8DDC1-A309-9AF4-B6F9-A70D1B65EEB8">
<hideElementsInCurrentOnly>false</hideElementsInCurrentOnly>
<bounds x="1103" y="382" width="311" height="117"/>
</OView>
<OView class="oracle.dbtools.crest.swingui.logical.TVEntity" oid="2C83A1CC-D350-AE90-741F-78B098A3950F" otype="Entity" vid="88901040-C9E6-E904-52F3-04A38934A7F1">
<hideElementsInCurrentOnly>false</hideElementsInCurrentOnly>
<bounds x="1452" y="200" width="272" height="151"/>
</OView>
<OView class="oracle.dbtools.crest.swingui.logical.TVEntity" oid="86BAF53B-0CB0-25F5-AD43-2BBEC03C269A" otype="Entity" vid="06DA591D-2C05-6811-FA8B-7A3E950E89FD">
<hideElementsInCurrentOnly>false</hideElementsInCurrentOnly>
<bounds x="49" y="184" width="232" height="69"/>
</OView>
<OView class="oracle.dbtools.crest.swingui.logical.TVEntity" oid="94103922-7363-AA3C-16BC-A4E7B1775BCC" otype="Entity" vid="01F5A8B3-0AE0-4B4B-2245-A3CDE085EFB4">
<hideElementsInCurrentOnly>false</hideElementsInCurrentOnly>
<bounds x="485" y="183" width="205" height="71"/>
</OView>
<OView class="oracle.dbtools.crest.swingui.logical.TVEntity" oid="960C03FC-281F-88CF-362F-9B3B0B6119E1" otype="Entity" vid="3EC78782-1AE1-0483-F045-EA9429A320FF">
<hideElementsInCurrentOnly>false</hideElementsInCurrentOnly>
<bounds x="968" y="86" width="244" height="168"/>
</OView>
<OView class="oracle.dbtools.crest.swingui.logical.TVEntity" oid="F0FD57DD-8728-84A1-6B42-228C546F6D51" otype="Entity" vid="5012DE6C-DEB8-6C9F-8F3D-570BA4A5F372">
<hideElementsInCurrentOnly>false</hideElementsInCurrentOnly>
<bounds x="751" y="379" width="309" height="121"/>
</OView>
<OView class="oracle.dbtools.crest.swingui.logical.TVEntity" oid="F35252AC-09D8-3FD6-114D-655470492B0E" otype="Entity" vid="52D8494B-2483-77A0-6BAB-DF86757AE637">
<hideElementsInCurrentOnly>false</hideElementsInCurrentOnly>
<bounds x="44" y="12" width="656" height="261"/>
</OView>
</objectViews>
<connectors>
<Connector class="oracle.dbtools.crest.swingui.logical.TVRelation" oid="0FFADA9B-A712-9220-CA4E-0571780F6E6E" otype="Relation" vid_source="56F8DDC1-A309-9AF4-B6F9-A70D1B65EEB8" vid_target="88901040-C9E6-E904-52F3-04A38934A7F1">
<hideElementsInCurrentOnly>false</hideElementsInCurrentOnly>
<backgroundColor>-16777216</backgroundColor>
<lineWidth>1</lineWidth>
<points>
<point x="1375" y="382"/>
<point x="1452" y="343"/>
</points>
</Connector>
<Connector class="oracle.dbtools.crest.swingui.logical.TVRelation" oid="7850EC55-A68E-A36B-EE6E-A5B5DF2F1828" otype="Relation" vid_source="3EC78782-1AE1-0483-F045-EA9429A320FF" vid_target="5012DE6C-DEB8-6C9F-8F3D-570BA4A5F372">
<hideElementsInCurrentOnly>false</hideElementsInCurrentOnly>
<backgroundColor>-16777216</backgroundColor>
<lineWidth>1</lineWidth>
<points>
<point x="1014" y="254"/>
<point x="1014" y="379"/>
</points>
</Connector>
<Connector class="oracle.dbtools.crest.swingui.logical.TVRelation" oid="9C5A599F-298B-92AA-037F-532233E821A3" otype="Relation" vid_source="3EC78782-1AE1-0483-F045-EA9429A320FF" vid_target="52D8494B-2483-77A0-6BAB-DF86757AE637">
<hideElementsInCurrentOnly>false</hideElementsInCurrentOnly>
<backgroundColor>-16777216</backgroundColor>
<lineWidth>1</lineWidth>
<points>
<point x="968" y="170"/>
<point x="700" y="170"/>
</points>
</Connector>
<Connector class="oracle.dbtools.crest.swingui.logical.TVInheritanceRelation" oid="9CB06E99-1420-182B-D07A-14F4FCAE041D" otype="Hierarchy relation" vid_source="52D8494B-2483-77A0-6BAB-DF86757AE637" vid_target="01F5A8B3-0AE0-4B4B-2245-A3CDE085EFB4">
<hideElementsInCurrentOnly>false</hideElementsInCurrentOnly>
<backgroundColor>-65536</backgroundColor>
<lineWidth>1</lineWidth>
</Connector>
<Connector class="oracle.dbtools.crest.swingui.logical.TVInheritanceRelation" oid="CB54CAD3-A79E-16A4-8CA0-0939A36C420F" otype="Hierarchy relation" vid_source="52D8494B-2483-77A0-6BAB-DF86757AE637" vid_target="06DA591D-2C05-6811-FA8B-7A3E950E89FD">
<hideElementsInCurrentOnly>false</hideElementsInCurrentOnly>
<backgroundColor>-65536</backgroundColor>
<lineWidth>1</lineWidth>
</Connector>
<Connector class="oracle.dbtools.crest.swingui.logical.TVRelation" oid="E6A8D38B-2A86-3588-48D2-95811F9F013A" otype="Relation" vid_source="3EC78782-1AE1-0483-F045-EA9429A320FF" vid_target="88901040-C9E6-E904-52F3-04A38934A7F1">
<hideElementsInCurrentOnly>false</hideElementsInCurrentOnly>
<backgroundColor>-16777216</backgroundColor>
<lineWidth>1</lineWidth>
<points>
<point x="1212" y="227"/>
<point x="1452" y="227"/>
</points>
</Connector>
<Connector class="oracle.dbtools.crest.swingui.logical.TVInheritanceRelation" oid="EBD3EEE3-16DF-9CDE-0F01-BBC3D111A2F8" otype="Hierarchy relation" vid_source="52D8494B-2483-77A0-6BAB-DF86757AE637" vid_target="E0C1FBB0-7F77-924E-45D5-46B66407D8E8">
<hideElementsInCurrentOnly>false</hideElementsInCurrentOnly>
<backgroundColor>-65536</backgroundColor>
<lineWidth>1</lineWidth>
</Connector>
<Connector class="oracle.dbtools.crest.swingui.logical.TVRelation" oid="FE4F335B-F84A-6CD3-F2E9-FC2C808BEDF3" otype="Relation" vid_source="3EC78782-1AE1-0483-F045-EA9429A320FF" vid_target="56F8DDC1-A309-9AF4-B6F9-A70D1B65EEB8">
<hideElementsInCurrentOnly>false</hideElementsInCurrentOnly>
<backgroundColor>-16777216</backgroundColor>
<lineWidth>1</lineWidth>
<points>
<point x="1157" y="254"/>
<point x="1157" y="382"/>
</points>
</Connector>
</connectors>
</Diagram>